start_datetime,end_datetime,id,score,groups,name,location,description,duration,people,category
2023-09-01 00:00:00,2023-09-02 00:00:00,stress,6.0,,stress,,,1 days 00:00:00,,scores
2023-09-01 00:00:00,2023-09-01 08:00:00,sleep,,,sleep,,,0 days 08:00:00,,sleep
2023-09-01 00:00:00,2023-09-02 00:00:00,energy,3.0,,energy,,,1 days 00:00:00,,scores
2023-09-01 00:00:00,2023-09-02 00:00:00,mood,7.0,,mood,,,1 days 00:00:00,,scores
2023-09-01 00:20:00,2023-09-01 01:20:00,party,,['social'],Party,,Going to a party with friends.,0 days 01:00:00,"['Ron', 'Tyrese', 'Mara']",scheduled
2023-09-01 05:00:00,2023-09-01 06:00:00,talking_with_mom,,"['phone call', 'social']",Talking with Mom,,Phone call with mom.,0 days 01:00:00,['Mom'],unscheduled
2023-09-01 05:30:00,2023-09-01 06:30:00,dinner,,,dinner,,,0 days 01:00:00,,meals
2023-09-01 08:00:00,2023-09-01 09:00:00,breakfast,,,breakfast,,,0 days 01:00:00,,meals
2023-09-01 10:00:00,2023-09-01 11:00:00,talking_with_girlfriend,,"['phone call', 'social']",Talking with Girlfriend,,Phone call with girlfriend.,0 days 01:00:00,['Mara'],unscheduled
2023-09-01 10:00:00,2023-09-01 11:00:00,headache,,"['discomfort', 'head', 'health']",headache,,"Mild headache on the left side of the head.
",0 days 01:00:00,,sensations
2023-09-01 12:00:00,2023-09-01 13:00:00,lunch,,,lunch,,,0 days 01:00:00,,meals
2023-09-01 14:00:00,2023-09-01 15:00:00,stomach_ache,,"['discomfort', 'stomach', 'health']",stomach ache,,"Mild stomach ache.
",0 days 01:00:00,,sensations
2023-09-01 18:00:00,2023-09-01 19:00:00,weightlifting,,['exercise'],Weightlifting,The K Center,Weightlifting.,0 days 01:00:00,['Tyrese'],scheduled
2023-09-01 23:00:00,2023-09-02 00:00:00,playing_videogames,,"['relaxation', 'personal time']",playing videogames,Apartment,Helps to destress at the end of the day.,0 days 01:00:00,,unscheduled
2023-09-02 00:00:00,2023-09-03 00:00:00,stress,6.0,,stress,,,1 days 00:00:00,,scores
2023-09-02 00:00:00,2023-09-02 08:00:00,sleep,,,sleep,,,0 days 08:00:00,,sleep
2023-09-02 00:00:00,2023-09-03 00:00:00,energy,3.0,,energy,,,1 days 00:00:00,,scores
2023-09-02 00:00:00,2023-09-03 00:00:00,mood,7.0,,mood,,,1 days 00:00:00,,scores
2023-09-02 05:30:00,2023-09-02 06:30:00,dinner,,,dinner,,,0 days 01:00:00,,meals
2023-09-02 10:00:00,2023-09-02 11:00:00,talking_with_girlfriend,,"['phone call', 'social']",Talking with Girlfriend,,Phone call with girlfriend.,0 days 01:00:00,['Mara'],unscheduled
2023-09-02 12:00:00,2023-09-02 13:00:00,lunch,,,lunch,,,0 days 01:00:00,,meals
2023-09-02 14:00:00,2023-09-02 15:00:00,headache,,"['discomfort', 'head', 'health']",headache,,"Mild headache on the left side of the head.
",0 days 01:00:00,,sensations
2023-09-02 14:00:00,2023-09-02 15:00:00,stomach_ache,,"['discomfort', 'stomach', 'health']",stomach ache,,"Mild stomach ache.
",0 days 01:00:00,,sensations
2023-09-02 23:00:00,2023-09-03 00:00:00,reading,,"['relaxation', 'personal time']",Reading,Apartment,Helps to destress at the end of the day.,0 days 01:00:00,,unscheduled
2023-09-03 00:00:00,2023-09-03 05:00:00,sleep,,,sleep,,,0 days 05:00:00,,sleep
2023-09-03 00:00:00,2023-09-04 00:00:00,mood,9.0,,mood,,,1 days 00:00:00,,scores
2023-09-03 00:00:00,2023-09-04 00:00:00,energy,6.0,,energy,,,1 days 00:00:00,,scores
2023-09-03 00:00:00,2023-09-04 00:00:00,stress,6.0,,stress,,,1 days 00:00:00,,scores
2023-09-03 00:19:00,2023-09-03 01:19:00,movie_night,,"['movies', 'friendship']",Movie Night,,Movie night with friends.,0 days 01:00:00,"['Ron', 'Mara']",scheduled
2023-09-03 05:30:00,2023-09-03 06:30:00,dinner,,,dinner,,,0 days 01:00:00,,meals
2023-09-03 08:00:00,2023-09-03 09:00:00,breakfast,,,breakfast,,,0 days 01:00:00,,meals
2023-09-03 10:00:00,2023-09-03 11:00:00,talking_with_girlfriend,,"['phone call', 'social']",Talking with Girlfriend,,Phone call with girlfriend.,0 days 01:00:00,['Mara'],unscheduled
2023-09-03 10:00:00,2023-09-03 11:00:00,headache,,"['discomfort', 'head', 'health']",headache,,"Mild headache on the left side of the head.
",0 days 01:00:00,,sensations
2023-09-03 12:00:00,2023-09-03 13:00:00,lunch,,,lunch,,,0 days 01:00:00,,meals
2023-09-03 23:00:00,2023-09-04 00:00:00,playing_videogames,,"['relaxation', 'personal time']",playing videogames,Apartment,Helps to destress at the end of the day.,0 days 01:00:00,,unscheduled
2023-09-04 00:00:00,2023-09-05 00:00:00,energy,6.0,,energy,,,1 days 00:00:00,,scores
2023-09-04 00:00:00,2023-09-05 00:00:00,mood,7.0,,mood,,,1 days 00:00:00,,scores
2023-09-04 00:00:00,2023-09-05 00:00:00,stress,7.0,,stress,,,1 days 00:00:00,,scores
2023-09-04 00:00:00,2023-09-04 06:00:00,sleep,,,sleep,,,0 days 06:00:00,,sleep
2023-09-04 05:00:00,2023-09-04 06:00:00,talking_with_mom,,"['phone call', 'social']",Talking with Mom,,Phone call with mom.,0 days 01:00:00,['Mom'],unscheduled
2023-09-04 05:30:00,2023-09-04 06:30:00,dinner,,,dinner,,,0 days 01:00:00,,meals
2023-09-04 10:00:00,2023-09-04 11:00:00,talking_with_girlfriend,,"['phone call', 'social']",Talking with Girlfriend,,Phone call with girlfriend.,0 days 01:00:00,['Mara'],unscheduled
2023-09-04 12:00:00,2023-09-04 13:00:00,lunch,,,lunch,,,0 days 01:00:00,,meals
2023-09-04 18:00:00,2023-09-04 19:00:00,basketball_practice,,"['basketball team', 'exercise']",Basketball Practice,The K Center,Practice for the Duke basketball team.,0 days 01:00:00,,scheduled
2023-09-04 18:10:00,2023-09-04 19:10:00,shoulder_pain,,"['discomfort', 'shoulder', 'arm', 'health']",shoulder pain,,"Len feels pain on the outer part of the elbow,  especially when twisting or extending his arm.
",0 days 01:00:00,,sensations
2023-09-04 23:00:00,2023-09-05 00:00:00,reading,,"['relaxation', 'personal time']",Reading,Apartment,Helps to destress at the end of the day.,0 days 01:00:00,,unscheduled
2023-09-05 00:00:00,2023-09-06 00:00:00,stress,6.0,,stress,,,1 days 00:00:00,,scores
2023-09-05 00:00:00,2023-09-06 00:00:00,energy,6.0,,energy,,,1 days 00:00:00,,scores
2023-09-05 00:00:00,2023-09-06 00:00:00,mood,6.0,,mood,,,1 days 00:00:00,,scores
2023-09-05 00:00:00,2023-09-05 06:00:00,sleep,,,sleep,,,0 days 06:00:00,,sleep
2023-09-05 05:00:00,2023-09-05 06:00:00,talking_with_mom,,"['phone call', 'social']",Talking with Mom,,Phone call with mom.,0 days 01:00:00,['Mom'],unscheduled
2023-09-05 05:30:00,2023-09-05 06:30:00,dinner,,,dinner,,,0 days 01:00:00,,meals
2023-09-05 08:00:00,2023-09-05 09:00:00,breakfast,,,breakfast,,,0 days 01:00:00,,meals
2023-09-05 10:00:00,2023-09-05 11:00:00,headache,,"['discomfort', 'head', 'health']",headache,,"Mild headache on the left side of the head.
",0 days 01:00:00,,sensations
2023-09-05 12:00:00,2023-09-05 13:00:00,lunch,,,lunch,,,0 days 01:00:00,,meals
2023-09-05 18:00:00,2023-09-05 19:00:00,basketball_practice,,"['basketball team', 'exercise']",Basketball Practice,The K Center,Practice for the Duke basketball team.,0 days 01:00:00,,scheduled
2023-09-05 18:10:00,2023-09-05 19:10:00,shoulder_pain,,"['discomfort', 'shoulder', 'arm', 'health']",shoulder pain,,"Len feels pain on the outer part of the elbow,  especially when twisting or extending his arm.
",0 days 01:00:00,,sensations
2023-09-05 23:00:00,2023-09-06 00:00:00,playing_videogames,,"['relaxation', 'personal time']",playing videogames,Apartment,Helps to destress at the end of the day.,0 days 01:00:00,,unscheduled
2023-09-06 00:00:00,2023-09-06 05:00:00,sleep,,,sleep,,,0 days 05:00:00,,sleep
2023-09-06 00:00:00,2023-09-07 00:00:00,stress,6.0,,stress,,,1 days 00:00:00,,scores
2023-09-06 00:00:00,2023-09-07 00:00:00,energy,6.0,,energy,,,1 days 00:00:00,,scores
2023-09-06 00:00:00,2023-09-07 00:00:00,mood,6.0,,mood,,,1 days 00:00:00,,scores
2023-09-06 05:30:00,2023-09-06 06:30:00,dinner,,,dinner,,,0 days 01:00:00,,meals
2023-09-06 08:00:00,2023-09-06 09:00:00,breakfast,,,breakfast,,,0 days 01:00:00,,meals
2023-09-06 10:00:00,2023-09-06 11:00:00,headache,,"['discomfort', 'head', 'health']",headache,,"Mild headache on the left side of the head.
",0 days 01:00:00,,sensations
2023-09-06 12:00:00,2023-09-06 13:00:00,lunch,,,lunch,,,0 days 01:00:00,,meals
2023-09-06 18:00:00,2023-09-06 19:00:00,basketball_practice,,"['basketball team', 'exercise']",Basketball Practice,The K Center,Practice for the Duke basketball team.,0 days 01:00:00,,scheduled
2023-09-06 23:00:00,2023-09-07 00:00:00,playing_videogames,,"['relaxation', 'personal time']",playing videogames,Apartment,Helps to destress at the end of the day.,0 days 01:00:00,,unscheduled
2023-09-07 00:00:00,2023-09-07 05:00:00,sleep,,,sleep,,,0 days 05:00:00,,sleep
2023-09-07 00:00:00,2023-09-08 00:00:00,mood,9.0,,mood,,,1 days 00:00:00,,scores
2023-09-07 00:00:00,2023-09-08 00:00:00,energy,3.0,,energy,,,1 days 00:00:00,,scores
2023-09-07 00:00:00,2023-09-08 00:00:00,stress,3.0,,stress,,,1 days 00:00:00,,scores
2023-09-07 00:16:00,2023-09-07 01:16:00,going_for_a_walk,,"['nature', 'exercise']",Going for a Walk,Duke Gardens,Going for a walk at Duke Gardens.,0 days 01:00:00,,unscheduled
2023-09-07 05:00:00,2023-09-07 06:00:00,talking_with_mom,,"['phone call', 'social']",Talking with Mom,,Phone call with mom.,0 days 01:00:00,['Mom'],unscheduled
2023-09-07 05:30:00,2023-09-07 06:30:00,dinner,,,dinner,,,0 days 01:00:00,,meals
2023-09-07 08:00:00,2023-09-07 09:00:00,breakfast,,,breakfast,,,0 days 01:00:00,,meals
2023-09-07 12:00:00,2023-09-07 13:00:00,lunch,,,lunch,,,0 days 01:00:00,,meals
2023-09-07 14:00:00,2023-09-07 15:00:00,stomach_ache,,"['discomfort', 'stomach', 'health']",stomach ache,,"Mild stomach ache.
",0 days 01:00:00,,sensations
2023-09-07 23:00:00,2023-09-08 00:00:00,reading,,"['relaxation', 'personal time']",Reading,Apartment,Helps to destress at the end of the day.,0 days 01:00:00,,unscheduled
2023-09-08 00:00:00,2023-09-09 00:00:00,stress,6.0,,stress,,,1 days 00:00:00,,scores
2023-09-08 00:00:00,2023-09-09 00:00:00,mood,6.0,,mood,,,1 days 00:00:00,,scores
2023-09-08 00:00:00,2023-09-08 05:00:00,sleep,,,sleep,,,0 days 05:00:00,,sleep
2023-09-08 00:00:00,2023-09-09 00:00:00,energy,6.0,,energy,,,1 days 00:00:00,,scores
2023-09-08 00:20:00,2023-09-08 01:20:00,party,,['social'],Party,,Going to a party with friends.,0 days 01:00:00,"['Ron', 'Tyrese', 'Mara']",scheduled
2023-09-08 05:30:00,2023-09-08 06:30:00,dinner,,,dinner,,,0 days 01:00:00,,meals
2023-09-08 12:00:00,2023-09-08 13:00:00,lunch,,,lunch,,,0 days 01:00:00,,meals
2023-09-08 14:00:00,2023-09-08 15:00:00,headache,,"['discomfort', 'head', 'health']",headache,,"Mild headache on the left side of the head.
",0 days 01:00:00,,sensations
2023-09-08 18:00:00,2023-09-08 19:00:00,weightlifting,,['exercise'],Weightlifting,The K Center,Weightlifting.,0 days 01:00:00,['Tyrese'],scheduled
2023-09-08 23:00:00,2023-09-09 00:00:00,playing_videogames,,"['relaxation', 'personal time']",playing videogames,Apartment,Helps to destress at the end of the day.,0 days 01:00:00,,unscheduled
2023-09-09 00:00:00,2023-09-09 05:00:00,sleep,,,sleep,,,0 days 05:00:00,,sleep
2023-09-09 00:00:00,2023-09-10 00:00:00,mood,6.0,,mood,,,1 days 00:00:00,,scores
2023-09-09 00:00:00,2023-09-10 00:00:00,energy,6.0,,energy,,,1 days 00:00:00,,scores
2023-09-09 00:00:00,2023-09-10 00:00:00,stress,2.0,,stress,,,1 days 00:00:00,,scores
2023-09-09 05:00:00,2023-09-09 06:00:00,talking_with_mom,,"['phone call', 'social']",Talking with Mom,,Phone call with mom.,0 days 01:00:00,['Mom'],unscheduled
2023-09-09 05:30:00,2023-09-09 06:30:00,dinner,,,dinner,,,0 days 01:00:00,,meals
2023-09-09 12:00:00,2023-09-09 13:00:00,lunch,,,lunch,,,0 days 01:00:00,,meals
2023-09-09 14:00:00,2023-09-09 15:00:00,headache,,"['discomfort', 'head', 'health']",headache,,"Mild headache on the left side of the head.
",0 days 01:00:00,,sensations
2023-09-09 23:00:00,2023-09-10 00:00:00,playing_videogames,,"['relaxation', 'personal time']",playing videogames,Apartment,Helps to destress at the end of the day.,0 days 01:00:00,,unscheduled
2023-09-10 00:00:00,2023-09-11 00:00:00,stress,6.0,,stress,,,1 days 00:00:00,,scores
2023-09-10 00:00:00,2023-09-11 00:00:00,energy,6.0,,energy,,,1 days 00:00:00,,scores
2023-09-10 00:00:00,2023-09-11 00:00:00,mood,4.0,,mood,,,1 days 00:00:00,,scores
2023-09-10 00:00:00,2023-09-10 05:00:00,sleep,,,sleep,,,0 days 05:00:00,,sleep
2023-09-10 00:19:00,2023-09-10 01:19:00,date_night,,"['social', 'relationship']",Date Night,,Going on a date night.,0 days 01:00:00,['Mara'],scheduled
2023-09-10 05:00:00,2023-09-10 06:00:00,talking_with_mom,,"['phone call', 'social']",Talking with Mom,,Phone call with mom.,0 days 01:00:00,['Mom'],unscheduled
2023-09-10 05:30:00,2023-09-10 06:30:00,dinner,,,dinner,,,0 days 01:00:00,,meals
2023-09-10 08:00:00,2023-09-10 09:00:00,breakfast,,,breakfast,,,0 days 01:00:00,,meals
2023-09-10 10:00:00,2023-09-10 11:00:00,headache,,"['discomfort', 'head', 'health']",headache,,"Mild headache on the left side of the head.
",0 days 01:00:00,,sensations
2023-09-10 10:00:00,2023-09-10 11:00:00,talking_with_girlfriend,,"['phone call', 'social']",Talking with Girlfriend,,Phone call with girlfriend.,0 days 01:00:00,['Mara'],unscheduled
2023-09-10 12:00:00,2023-09-10 13:00:00,lunch,,,lunch,,,0 days 01:00:00,,meals
2023-09-10 23:00:00,2023-09-11 00:00:00,playing_videogames,,"['relaxation', 'personal time']",playing videogames,Apartment,Helps to destress at the end of the day.,0 days 01:00:00,,unscheduled
2023-09-11 00:00:00,2023-09-12 00:00:00,stress,9.0,,stress,,,1 days 00:00:00,,scores
2023-09-11 00:00:00,2023-09-12 00:00:00,energy,6.0,,energy,,,1 days 00:00:00,,scores
2023-09-11 00:00:00,2023-09-12 00:00:00,mood,4.0,,mood,,,1 days 00:00:00,,scores
2023-09-11 00:00:00,2023-09-11 05:00:00,sleep,,,sleep,,,0 days 05:00:00,,sleep
2023-09-11 00:16:00,2023-09-11 01:16:00,going_for_a_walk,,"['nature', 'exercise']",Going for a Walk,Duke Gardens,Going for a walk at Duke Gardens.,0 days 01:00:00,,unscheduled
2023-09-11 05:00:00,2023-09-11 06:00:00,talking_with_mom,,"['phone call', 'social']",Talking with Mom,,Phone call with mom.,0 days 01:00:00,['Mom'],unscheduled
2023-09-11 05:30:00,2023-09-11 06:30:00,dinner,,,dinner,,,0 days 01:00:00,,meals
2023-09-11 08:00:00,2023-09-11 09:00:00,breakfast,,,breakfast,,,0 days 01:00:00,,meals
2023-09-11 10:00:00,2023-09-11 11:00:00,talking_with_girlfriend,,"['phone call', 'social']",Talking with Girlfriend,,Phone call with girlfriend.,0 days 01:00:00,['Mara'],unscheduled
2023-09-11 10:00:00,2023-09-11 11:00:00,headache,,"['discomfort', 'head', 'health']",headache,,"Mild headache on the left side of the head.
",0 days 01:00:00,,sensations
2023-09-11 12:00:00,2023-09-11 13:00:00,lunch,,,lunch,,,0 days 01:00:00,,meals
2023-09-11 18:00:00,2023-09-11 19:00:00,weightlifting,,['exercise'],Weightlifting,The K Center,Weightlifting.,0 days 01:00:00,['Tyrese'],scheduled
2023-09-11 23:00:00,2023-09-12 00:00:00,playing_videogames,,"['relaxation', 'personal time']",playing videogames,Apartment,Helps to destress at the end of the day.,0 days 01:00:00,,unscheduled
2023-09-12 00:00:00,2023-09-13 00:00:00,stress,6.0,,stress,,,1 days 00:00:00,,scores
2023-09-12 00:00:00,2023-09-13 00:00:00,energy,6.0,,energy,,,1 days 00:00:00,,scores
2023-09-12 00:00:00,2023-09-13 00:00:00,mood,4.0,,mood,,,1 days 00:00:00,,scores
2023-09-12 00:00:00,2023-09-12 05:00:00,sleep,,,sleep,,,0 days 05:00:00,,sleep
2023-09-12 05:00:00,2023-09-12 06:00:00,talking_with_mom,,"['phone call', 'social']",Talking with Mom,,Phone call with mom.,0 days 01:00:00,['Mom'],unscheduled
2023-09-12 05:30:00,2023-09-12 06:30:00,dinner,,,dinner,,,0 days 01:00:00,,meals
2023-09-12 08:00:00,2023-09-12 09:00:00,breakfast,,,breakfast,,,0 days 01:00:00,,meals
2023-09-12 10:00:00,2023-09-12 11:00:00,headache,,"['discomfort', 'head', 'health']",headache,,"Mild headache on the left side of the head.
",0 days 01:00:00,,sensations
2023-09-12 12:00:00,2023-09-12 13:00:00,lunch,,,lunch,,,0 days 01:00:00,,meals
2023-09-12 18:00:00,2023-09-12 19:00:00,basketball_practice,,"['basketball team', 'exercise']",Basketball Practice,The K Center,Practice for the Duke basketball team.,0 days 01:00:00,,scheduled
2023-09-12 18:10:00,2023-09-12 19:10:00,shoulder_pain,,"['discomfort', 'shoulder', 'arm', 'health']",shoulder pain,,"Len feels pain on the outer part of the elbow,  especially when twisting or extending his arm.
",0 days 01:00:00,,sensations
2023-09-13 00:00:00,2023-09-13 05:00:00,sleep,,,sleep,,,0 days 05:00:00,,sleep
2023-09-13 00:00:00,2023-09-14 00:00:00,mood,5.0,,mood,,,1 days 00:00:00,,scores
2023-09-13 00:00:00,2023-09-14 00:00:00,energy,6.0,,energy,,,1 days 00:00:00,,scores
2023-09-13 00:00:00,2023-09-14 00:00:00,stress,6.0,,stress,,,1 days 00:00:00,,scores
2023-09-13 05:30:00,2023-09-13 06:30:00,dinner,,,dinner,,,0 days 01:00:00,,meals
2023-09-13 08:00:00,2023-09-13 09:00:00,breakfast,,,breakfast,,,0 days 01:00:00,,meals
2023-09-13 10:00:00,2023-09-13 11:00:00,headache,,"['discomfort', 'head', 'health']",headache,,"Mild headache on the left side of the head.
",0 days 01:00:00,,sensations
2023-09-13 12:00:00,2023-09-13 13:00:00,lunch,,,lunch,,,0 days 01:00:00,,meals
2023-09-13 18:00:00,2023-09-13 19:00:00,basketball_practice,,"['basketball team', 'exercise']",Basketball Practice,The K Center,Practice for the Duke basketball team.,0 days 01:00:00,,scheduled
2023-09-13 18:10:00,2023-09-13 19:10:00,shoulder_pain,,"['discomfort', 'shoulder', 'arm', 'health']",shoulder pain,,"Len feels pain on the outer part of the elbow,  especially when twisting or extending his arm.
",0 days 01:00:00,,sensations
2023-09-13 23:00:00,2023-09-14 00:00:00,playing_videogames,,"['relaxation', 'personal time']",playing videogames,Apartment,Helps to destress at the end of the day.,0 days 01:00:00,,unscheduled
2023-09-14 00:00:00,2023-09-15 00:00:00,stress,4.0,,stress,,,1 days 00:00:00,,scores
2023-09-14 00:00:00,2023-09-15 00:00:00,mood,7.0,,mood,,,1 days 00:00:00,,scores
2023-09-14 00:00:00,2023-09-15 00:00:00,energy,4.0,,energy,,,1 days 00:00:00,,scores
2023-09-14 00:00:00,2023-09-14 08:00:00,sleep,,,sleep,,,0 days 08:00:00,,sleep
2023-09-14 00:16:00,2023-09-14 01:16:00,going_for_a_walk,,"['nature', 'exercise']",Going for a Walk,Duke Gardens,Going for a walk at Duke Gardens.,0 days 01:00:00,,unscheduled
2023-09-14 05:00:00,2023-09-14 06:00:00,talking_with_mom,,"['phone call', 'social']",Talking with Mom,,Phone call with mom.,0 days 01:00:00,['Mom'],unscheduled
2023-09-14 05:30:00,2023-09-14 06:30:00,dinner,,,dinner,,,0 days 01:00:00,,meals
2023-09-14 08:00:00,2023-09-14 09:00:00,breakfast,,,breakfast,,,0 days 01:00:00,,meals
2023-09-14 10:00:00,2023-09-14 11:00:00,headache,,"['discomfort', 'head', 'health']",headache,,"Mild headache on the left side of the head.
",0 days 01:00:00,,sensations
2023-09-14 12:00:00,2023-09-14 13:00:00,lunch,,,lunch,,,0 days 01:00:00,,meals
2023-09-14 14:00:00,2023-09-14 15:00:00,stomach_ache,,"['discomfort', 'stomach', 'health']",stomach ache,,"Mild stomach ache.
",0 days 01:00:00,,sensations
2023-09-15 00:00:00,2023-09-16 00:00:00,stress,6.0,,stress,,,1 days 00:00:00,,scores
2023-09-15 00:00:00,2023-09-16 00:00:00,energy,6.0,,energy,,,1 days 00:00:00,,scores
2023-09-15 00:00:00,2023-09-16 00:00:00,mood,8.0,,mood,,,1 days 00:00:00,,scores
2023-09-15 00:00:00,2023-09-15 07:00:00,sleep,,,sleep,,,0 days 07:00:00,,sleep
2023-09-15 00:20:00,2023-09-15 01:20:00,party,,['social'],Party,,Going to a party with friends.,0 days 01:00:00,"['Ron', 'Tyrese', 'Mara']",scheduled
2023-09-15 05:30:00,2023-09-15 06:30:00,dinner,,,dinner,,,0 days 01:00:00,,meals
2023-09-15 12:00:00,2023-09-15 13:00:00,lunch,,,lunch,,,0 days 01:00:00,,meals
2023-09-15 14:00:00,2023-09-15 15:00:00,headache,,"['discomfort', 'head', 'health']",headache,,"Mild headache on the left side of the head.
",0 days 01:00:00,,sensations
2023-09-15 18:00:00,2023-09-15 19:00:00,weightlifting,,['exercise'],Weightlifting,The K Center,Weightlifting.,0 days 01:00:00,['Tyrese'],scheduled
2023-09-15 23:00:00,2023-09-16 00:00:00,reading,,"['relaxation', 'personal time']",Reading,Apartment,Helps to destress at the end of the day.,0 days 01:00:00,,unscheduled
2023-09-16 00:00:00,2023-09-17 00:00:00,mood,9.0,,mood,,,1 days 00:00:00,,scores
2023-09-16 00:00:00,2023-09-17 00:00:00,stress,7.0,,stress,,,1 days 00:00:00,,scores
2023-09-16 00:00:00,2023-09-16 06:00:00,sleep,,,sleep,,,0 days 06:00:00,,sleep
2023-09-16 00:00:00,2023-09-17 00:00:00,energy,6.0,,energy,,,1 days 00:00:00,,scores
2023-09-16 00:19:00,2023-09-16 01:19:00,date_night,,"['social', 'relationship']",Date Night,,Going on a date night.,0 days 01:00:00,['Mara'],scheduled
2023-09-16 05:30:00,2023-09-16 06:30:00,dinner,,,dinner,,,0 days 01:00:00,,meals
2023-09-16 09:00:00,2023-09-16 10:00:00,hiking,,"['nature', 'exercise']",hiking,Eno River State Park,Improves mood.,0 days 01:00:00,,unscheduled
2023-09-16 12:00:00,2023-09-16 13:00:00,lunch,,,lunch,,,0 days 01:00:00,,meals
2023-09-16 14:00:00,2023-09-16 15:00:00,headache,,"['discomfort', 'head', 'health']",headache,,"Mild headache on the left side of the head.
",0 days 01:00:00,,sensations
2023-09-16 23:00:00,2023-09-17 00:00:00,playing_videogames,,"['relaxation', 'personal time']",playing videogames,Apartment,Helps to destress at the end of the day.,0 days 01:00:00,,unscheduled
2023-09-17 00:00:00,2023-09-17 08:00:00,sleep,,,sleep,,,0 days 08:00:00,,sleep
2023-09-17 00:00:00,2023-09-18 00:00:00,mood,4.0,,mood,,,1 days 00:00:00,,scores
2023-09-17 00:00:00,2023-09-18 00:00:00,energy,3.0,,energy,,,1 days 00:00:00,,scores
2023-09-17 00:00:00,2023-09-18 00:00:00,stress,6.0,,stress,,,1 days 00:00:00,,scores
2023-09-17 00:19:00,2023-09-17 01:19:00,movie_night,,"['movies', 'friendship']",Movie Night,,Movie night with friends.,0 days 01:00:00,"['Ron', 'Mara']",scheduled
2023-09-17 05:30:00,2023-09-17 06:30:00,dinner,,,dinner,,,0 days 01:00:00,,meals
2023-09-17 12:00:00,2023-09-17 13:00:00,lunch,,,lunch,,,0 days 01:00:00,,meals
2023-09-17 14:00:00,2023-09-17 15:00:00,headache,,"['discomfort', 'head', 'health']",headache,,"Mild headache on the left side of the head.
",0 days 01:00:00,,sensations
2023-09-17 14:00:00,2023-09-17 15:00:00,stomach_ache,,"['discomfort', 'stomach', 'health']",stomach ache,,"Mild stomach ache.
",0 days 01:00:00,,sensations
2023-09-17 23:00:00,2023-09-18 00:00:00,playing_videogames,,"['relaxation', 'personal time']",playing videogames,Apartment,Helps to destress at the end of the day.,0 days 01:00:00,,unscheduled
2023-09-18 00:00:00,2023-09-19 00:00:00,stress,6.0,,stress,,,1 days 00:00:00,,scores
2023-09-18 00:00:00,2023-09-19 00:00:00,mood,6.0,,mood,,,1 days 00:00:00,,scores
2023-09-18 00:00:00,2023-09-18 08:00:00,sleep,,,sleep,,,0 days 08:00:00,,sleep
2023-09-18 00:00:00,2023-09-19 00:00:00,energy,3.0,,energy,,,1 days 00:00:00,,scores
2023-09-18 05:30:00,2023-09-18 06:30:00,dinner,,,dinner,,,0 days 01:00:00,,meals
2023-09-18 10:00:00,2023-09-18 11:00:00,talking_with_girlfriend,,"['phone call', 'social']",Talking with Girlfriend,,Phone call with girlfriend.,0 days 01:00:00,['Mara'],unscheduled
2023-09-18 12:00:00,2023-09-18 13:00:00,lunch,,,lunch,,,0 days 01:00:00,,meals
2023-09-18 14:00:00,2023-09-18 15:00:00,stomach_ache,,"['discomfort', 'stomach', 'health']",stomach ache,,"Mild stomach ache.
",0 days 01:00:00,,sensations
2023-09-18 18:00:00,2023-09-18 19:00:00,basketball_practice,,"['basketball team', 'exercise']",Basketball Practice,The K Center,Practice for the Duke basketball team.,0 days 01:00:00,,scheduled
2023-09-18 18:10:00,2023-09-18 19:10:00,shoulder_pain,,"['discomfort', 'shoulder', 'arm', 'health']",shoulder pain,,"Len feels pain on the outer part of the elbow,  especially when twisting or extending his arm.
",0 days 01:00:00,,sensations
2023-09-18 23:00:00,2023-09-19 00:00:00,playing_videogames,,"['relaxation', 'personal time']",playing videogames,Apartment,Helps to destress at the end of the day.,0 days 01:00:00,,unscheduled
2023-09-19 00:00:00,2023-09-20 00:00:00,stress,8.0,,stress,,,1 days 00:00:00,,scores
2023-09-19 00:00:00,2023-09-20 00:00:00,energy,6.0,,energy,,,1 days 00:00:00,,scores
2023-09-19 00:00:00,2023-09-20 00:00:00,mood,7.0,,mood,,,1 days 00:00:00,,scores
2023-09-19 00:00:00,2023-09-19 07:00:00,sleep,,,sleep,,,0 days 07:00:00,,sleep
2023-09-19 00:16:00,2023-09-19 01:16:00,going_for_a_walk,,"['nature', 'exercise']",Going for a Walk,Duke Gardens,Going for a walk at Duke Gardens.,0 days 01:00:00,,unscheduled
2023-09-19 05:00:00,2023-09-19 06:00:00,talking_with_mom,,"['phone call', 'social']",Talking with Mom,,Phone call with mom.,0 days 01:00:00,['Mom'],unscheduled
2023-09-19 05:30:00,2023-09-19 06:30:00,dinner,,,dinner,,,0 days 01:00:00,,meals
2023-09-19 08:00:00,2023-09-19 09:00:00,breakfast,,,breakfast,,,0 days 01:00:00,,meals
2023-09-19 10:00:00,2023-09-19 11:00:00,headache,,"['discomfort', 'head', 'health']",headache,,"Mild headache on the left side of the head.
",0 days 01:00:00,,sensations
2023-09-19 12:00:00,2023-09-19 13:00:00,lunch,,,lunch,,,0 days 01:00:00,,meals
2023-09-19 23:00:00,2023-09-20 00:00:00,playing_videogames,,"['relaxation', 'personal time']",playing videogames,Apartment,Helps to destress at the end of the day.,0 days 01:00:00,,unscheduled
2023-09-20 00:00:00,2023-09-20 08:00:00,sleep,,,sleep,,,0 days 08:00:00,,sleep
2023-09-20 00:00:00,2023-09-21 00:00:00,stress,8.0,,stress,,,1 days 00:00:00,,scores
2023-09-20 00:00:00,2023-09-21 00:00:00,energy,4.0,,energy,,,1 days 00:00:00,,scores
2023-09-20 00:00:00,2023-09-21 00:00:00,mood,7.0,,mood,,,1 days 00:00:00,,scores
2023-09-20 00:16:00,2023-09-20 01:16:00,going_for_a_walk,,"['nature', 'exercise']",Going for a Walk,Duke Gardens,Going for a walk at Duke Gardens.,0 days 01:00:00,,unscheduled
2023-09-20 05:30:00,2023-09-20 06:30:00,dinner,,,dinner,,,0 days 01:00:00,,meals
2023-09-20 08:00:00,2023-09-20 09:00:00,breakfast,,,breakfast,,,0 days 01:00:00,,meals
2023-09-20 10:00:00,2023-09-20 11:00:00,headache,,"['discomfort', 'head', 'health']",headache,,"Mild headache on the left side of the head.
",0 days 01:00:00,,sensations
2023-09-20 10:00:00,2023-09-20 11:00:00,talking_with_girlfriend,,"['phone call', 'social']",Talking with Girlfriend,,Phone call with girlfriend.,0 days 01:00:00,['Mara'],unscheduled
2023-09-20 12:00:00,2023-09-20 13:00:00,lunch,,,lunch,,,0 days 01:00:00,,meals
2023-09-20 14:00:00,2023-09-20 15:00:00,stomach_ache,,"['discomfort', 'stomach', 'health']",stomach ache,,"Mild stomach ache.
",0 days 01:00:00,,sensations
2023-09-20 18:00:00,2023-09-20 19:00:00,basketball_practice,,"['basketball team', 'exercise']",Basketball Practice,The K Center,Practice for the Duke basketball team.,0 days 01:00:00,,scheduled
2023-09-20 18:10:00,2023-09-20 19:10:00,shoulder_pain,,"['discomfort', 'shoulder', 'arm', 'health']",shoulder pain,,"Len feels pain on the outer part of the elbow,  especially when twisting or extending his arm.
",0 days 01:00:00,,sensations
2023-09-20 23:00:00,2023-09-21 00:00:00,playing_videogames,,"['relaxation', 'personal time']",playing videogames,Apartment,Helps to destress at the end of the day.,0 days 01:00:00,,unscheduled
2023-09-21 00:00:00,2023-09-22 00:00:00,stress,6.0,,stress,,,1 days 00:00:00,,scores
2023-09-21 00:00:00,2023-09-22 00:00:00,energy,6.0,,energy,,,1 days 00:00:00,,scores
2023-09-21 00:00:00,2023-09-22 00:00:00,mood,6.0,,mood,,,1 days 00:00:00,,scores
2023-09-21 00:00:00,2023-09-21 05:00:00,sleep,,,sleep,,,0 days 05:00:00,,sleep
2023-09-21 05:30:00,2023-09-21 06:30:00,dinner,,,dinner,,,0 days 01:00:00,,meals
2023-09-21 08:00:00,2023-09-21 09:00:00,breakfast,,,breakfast,,,0 days 01:00:00,,meals
2023-09-21 10:00:00,2023-09-21 11:00:00,headache,,"['discomfort', 'head', 'health']",headache,,"Mild headache on the left side of the head.
",0 days 01:00:00,,sensations
2023-09-21 12:00:00,2023-09-21 13:00:00,lunch,,,lunch,,,0 days 01:00:00,,meals
2023-09-21 18:00:00,2023-09-21 19:00:00,basketball_practice,,"['basketball team', 'exercise']",Basketball Practice,The K Center,Practice for the Duke basketball team.,0 days 01:00:00,,scheduled
2023-09-21 18:10:00,2023-09-21 19:10:00,shoulder_pain,,"['discomfort', 'shoulder', 'arm', 'health']",shoulder pain,,"Len feels pain on the outer part of the elbow,  especially when twisting or extending his arm.
",0 days 01:00:00,,sensations
2023-09-21 23:00:00,2023-09-22 00:00:00,playing_videogames,,"['relaxation', 'personal time']",playing videogames,Apartment,Helps to destress at the end of the day.,0 days 01:00:00,,unscheduled
2023-09-22 00:00:00,2023-09-23 00:00:00,stress,6.0,,stress,,,1 days 00:00:00,,scores
2023-09-22 00:00:00,2023-09-23 00:00:00,energy,3.0,,energy,,,1 days 00:00:00,,scores
2023-09-22 00:00:00,2023-09-23 00:00:00,mood,0.0,,mood,,,1 days 00:00:00,,scores
2023-09-22 00:00:00,2023-09-22 08:00:00,sleep,,,sleep,,,0 days 08:00:00,,sleep
2023-09-22 00:20:00,2023-09-22 01:20:00,party,,['social'],Party,,Going to a party with friends.,0 days 01:00:00,"['Ron', 'Tyrese', 'Mara']",scheduled
2023-09-22 05:30:00,2023-09-22 06:30:00,dinner,,,dinner,,,0 days 01:00:00,,meals
2023-09-22 08:00:00,2023-09-22 09:00:00,breakfast,,,breakfast,,,0 days 01:00:00,,meals
2023-09-22 10:00:00,2023-09-22 11:00:00,talking_with_girlfriend,,"['phone call', 'social']",Talking with Girlfriend,,Phone call with girlfriend.,0 days 01:00:00,['Mara'],unscheduled
2023-09-22 10:00:00,2023-09-22 11:00:00,headache,,"['discomfort', 'head', 'health']",headache,,"Mild headache on the left side of the head.
",0 days 01:00:00,,sensations
2023-09-22 12:00:00,2023-09-22 13:00:00,lunch,,,lunch,,,0 days 01:00:00,,meals
2023-09-22 14:00:00,2023-09-22 15:00:00,stomach_ache,,"['discomfort', 'stomach', 'health']",stomach ache,,"Mild stomach ache.
",0 days 01:00:00,,sensations
2023-09-22 18:00:00,2023-09-22 19:00:00,weightlifting,,['exercise'],Weightlifting,The K Center,Weightlifting.,0 days 01:00:00,['Tyrese'],scheduled
2023-09-22 23:00:00,2023-09-23 00:00:00,playing_videogames,,"['relaxation', 'personal time']",playing videogames,Apartment,Helps to destress at the end of the day.,0 days 01:00:00,,unscheduled
2023-09-23 00:00:00,2023-09-24 00:00:00,stress,7.0,,stress,,,1 days 00:00:00,,scores
2023-09-23 00:00:00,2023-09-24 00:00:00,energy,3.0,,energy,,,1 days 00:00:00,,scores
2023-09-23 00:00:00,2023-09-24 00:00:00,mood,6.0,,mood,,,1 days 00:00:00,,scores
2023-09-23 00:00:00,2023-09-23 07:00:00,sleep,,,sleep,,,0 days 07:00:00,,sleep
2023-09-23 00:16:00,2023-09-23 01:16:00,going_for_a_walk,,"['nature', 'exercise']",Going for a Walk,Duke Gardens,Going for a walk at Duke Gardens.,0 days 01:00:00,,unscheduled
2023-09-23 05:30:00,2023-09-23 06:30:00,dinner,,,dinner,,,0 days 01:00:00,,meals
2023-09-23 08:00:00,2023-09-23 09:00:00,breakfast,,,breakfast,,,0 days 01:00:00,,meals
2023-09-23 10:00:00,2023-09-23 11:00:00,headache,,"['discomfort', 'head', 'health']",headache,,"Mild headache on the left side of the head.
",0 days 01:00:00,,sensations
2023-09-23 12:00:00,2023-09-23 13:00:00,lunch,,,lunch,,,0 days 01:00:00,,meals
2023-09-23 14:00:00,2023-09-23 15:00:00,stomach_ache,,"['discomfort', 'stomach', 'health']",stomach ache,,"Mild stomach ache.
",0 days 01:00:00,,sensations
2023-09-24 00:00:00,2023-09-25 00:00:00,mood,8.0,,mood,,,1 days 00:00:00,,scores
2023-09-24 00:00:00,2023-09-25 00:00:00,stress,7.0,,stress,,,1 days 00:00:00,,scores
2023-09-24 00:00:00,2023-09-25 00:00:00,energy,6.0,,energy,,,1 days 00:00:00,,scores
2023-09-24 00:00:00,2023-09-24 05:00:00,sleep,,,sleep,,,0 days 05:00:00,,sleep
2023-09-24 00:19:00,2023-09-24 01:19:00,movie_night,,"['movies', 'friendship']",Movie Night,,Movie night with friends.,0 days 01:00:00,"['Ron', 'Mara']",scheduled
2023-09-24 05:30:00,2023-09-24 06:30:00,dinner,,,dinner,,,0 days 01:00:00,,meals
2023-09-24 09:00:00,2023-09-24 10:00:00,hiking,,"['nature', 'exercise']",hiking,Eno River State Park,Improves mood.,0 days 01:00:00,,unscheduled
2023-09-24 12:00:00,2023-09-24 13:00:00,lunch,,,lunch,,,0 days 01:00:00,,meals
2023-09-24 14:00:00,2023-09-24 15:00:00,headache,,"['discomfort', 'head', 'health']",headache,,"Mild headache on the left side of the head.
",0 days 01:00:00,,sensations
2023-09-24 23:00:00,2023-09-25 00:00:00,playing_videogames,,"['relaxation', 'personal time']",playing videogames,Apartment,Helps to destress at the end of the day.,0 days 01:00:00,,unscheduled
2023-09-25 00:00:00,2023-09-26 00:00:00,energy,4.0,,energy,,,1 days 00:00:00,,scores
2023-09-25 00:00:00,2023-09-26 00:00:00,mood,7.0,,mood,,,1 days 00:00:00,,scores
2023-09-25 00:00:00,2023-09-25 06:00:00,sleep,,,sleep,,,0 days 06:00:00,,sleep
2023-09-25 00:00:00,2023-09-26 00:00:00,stress,6.0,,stress,,,1 days 00:00:00,,scores
2023-09-25 05:00:00,2023-09-25 06:00:00,talking_with_mom,,"['phone call', 'social']",Talking with Mom,,Phone call with mom.,0 days 01:00:00,['Mom'],unscheduled
2023-09-25 05:30:00,2023-09-25 06:30:00,dinner,,,dinner,,,0 days 01:00:00,,meals
2023-09-25 08:00:00,2023-09-25 09:00:00,breakfast,,,breakfast,,,0 days 01:00:00,,meals
2023-09-25 10:00:00,2023-09-25 11:00:00,headache,,"['discomfort', 'head', 'health']",headache,,"Mild headache on the left side of the head.
",0 days 01:00:00,,sensations
2023-09-25 10:00:00,2023-09-25 11:00:00,talking_with_girlfriend,,"['phone call', 'social']",Talking with Girlfriend,,Phone call with girlfriend.,0 days 01:00:00,['Mara'],unscheduled
2023-09-25 12:00:00,2023-09-25 13:00:00,lunch,,,lunch,,,0 days 01:00:00,,meals
2023-09-25 14:00:00,2023-09-25 15:00:00,stomach_ache,,"['discomfort', 'stomach', 'health']",stomach ache,,"Mild stomach ache.
",0 days 01:00:00,,sensations
2023-09-25 18:00:00,2023-09-25 19:00:00,basketball_practice,,"['basketball team', 'exercise']",Basketball Practice,The K Center,Practice for the Duke basketball team.,0 days 01:00:00,,scheduled
2023-09-25 18:10:00,2023-09-25 19:10:00,shoulder_pain,,"['discomfort', 'shoulder', 'arm', 'health']",shoulder pain,,"Len feels pain on the outer part of the elbow,  especially when twisting or extending his arm.
",0 days 01:00:00,,sensations
2023-09-25 23:00:00,2023-09-26 00:00:00,reading,,"['relaxation', 'personal time']",Reading,Apartment,Helps to destress at the end of the day.,0 days 01:00:00,,unscheduled
2023-09-26 00:00:00,2023-09-27 00:00:00,stress,6.0,,stress,,,1 days 00:00:00,,scores
2023-09-26 00:00:00,2023-09-27 00:00:00,energy,6.0,,energy,,,1 days 00:00:00,,scores
2023-09-26 00:00:00,2023-09-27 00:00:00,mood,6.0,,mood,,,1 days 00:00:00,,scores
2023-09-26 00:00:00,2023-09-26 05:00:00,sleep,,,sleep,,,0 days 05:00:00,,sleep
2023-09-26 05:00:00,2023-09-26 06:00:00,talking_with_mom,,"['phone call', 'social']",Talking with Mom,,Phone call with mom.,0 days 01:00:00,['Mom'],unscheduled
2023-09-26 05:30:00,2023-09-26 06:30:00,dinner,,,dinner,,,0 days 01:00:00,,meals
2023-09-26 08:00:00,2023-09-26 09:00:00,breakfast,,,breakfast,,,0 days 01:00:00,,meals
2023-09-26 10:00:00,2023-09-26 11:00:00,headache,,"['discomfort', 'head', 'health']",headache,,"Mild headache on the left side of the head.
",0 days 01:00:00,,sensations
2023-09-26 10:00:00,2023-09-26 11:00:00,talking_with_girlfriend,,"['phone call', 'social']",Talking with Girlfriend,,Phone call with girlfriend.,0 days 01:00:00,['Mara'],unscheduled
2023-09-26 12:00:00,2023-09-26 13:00:00,lunch,,,lunch,,,0 days 01:00:00,,meals
2023-09-26 23:00:00,2023-09-27 00:00:00,playing_videogames,,"['relaxation', 'personal time']",playing videogames,Apartment,Helps to destress at the end of the day.,0 days 01:00:00,,unscheduled
2023-09-27 00:00:00,2023-09-28 00:00:00,stress,8.0,,stress,,,1 days 00:00:00,,scores
2023-09-27 00:00:00,2023-09-27 05:00:00,sleep,,,sleep,,,0 days 05:00:00,,sleep
2023-09-27 00:00:00,2023-09-28 00:00:00,energy,6.0,,energy,,,1 days 00:00:00,,scores
2023-09-27 00:00:00,2023-09-28 00:00:00,mood,6.0,,mood,,,1 days 00:00:00,,scores
2023-09-27 00:16:00,2023-09-27 01:16:00,going_for_a_walk,,"['nature', 'exercise']",Going for a Walk,Duke Gardens,Going for a walk at Duke Gardens.,0 days 01:00:00,,unscheduled
2023-09-27 05:30:00,2023-09-27 06:30:00,dinner,,,dinner,,,0 days 01:00:00,,meals
2023-09-27 12:00:00,2023-09-27 13:00:00,lunch,,,lunch,,,0 days 01:00:00,,meals
2023-09-27 14:00:00,2023-09-27 15:00:00,headache,,"['discomfort', 'head', 'health']",headache,,"Mild headache on the left side of the head.
",0 days 01:00:00,,sensations
2023-09-27 18:00:00,2023-09-27 19:00:00,basketball_practice,,"['basketball team', 'exercise']",Basketball Practice,The K Center,Practice for the Duke basketball team.,0 days 01:00:00,,scheduled
2023-09-27 18:10:00,2023-09-27 19:10:00,shoulder_pain,,"['discomfort', 'shoulder', 'arm', 'health']",shoulder pain,,"Len feels pain on the outer part of the elbow,  especially when twisting or extending his arm.
",0 days 01:00:00,,sensations
2023-09-27 23:00:00,2023-09-28 00:00:00,playing_videogames,,"['relaxation', 'personal time']",playing videogames,Apartment,Helps to destress at the end of the day.,0 days 01:00:00,,unscheduled
2023-09-28 00:00:00,2023-09-28 06:00:00,sleep,,,sleep,,,0 days 06:00:00,,sleep
2023-09-28 00:00:00,2023-09-29 00:00:00,energy,6.0,,energy,,,1 days 00:00:00,,scores
2023-09-28 00:00:00,2023-09-29 00:00:00,stress,6.0,,stress,,,1 days 00:00:00,,scores
2023-09-28 00:00:00,2023-09-29 00:00:00,mood,7.0,,mood,,,1 days 00:00:00,,scores
2023-09-28 05:30:00,2023-09-28 06:30:00,dinner,,,dinner,,,0 days 01:00:00,,meals
2023-09-28 10:00:00,2023-09-28 11:00:00,talking_with_girlfriend,,"['phone call', 'social']",Talking with Girlfriend,,Phone call with girlfriend.,0 days 01:00:00,['Mara'],unscheduled
2023-09-28 12:00:00,2023-09-28 13:00:00,lunch,,,lunch,,,0 days 01:00:00,,meals
2023-09-28 14:00:00,2023-09-28 15:00:00,headache,,"['discomfort', 'head', 'health']",headache,,"Mild headache on the left side of the head.
",0 days 01:00:00,,sensations
2023-09-28 23:00:00,2023-09-29 00:00:00,reading,,"['relaxation', 'personal time']",Reading,Apartment,Helps to destress at the end of the day.,0 days 01:00:00,,unscheduled
2023-09-29 00:00:00,2023-09-29 08:00:00,sleep,,,sleep,,,0 days 08:00:00,,sleep
2023-09-29 00:00:00,2023-09-30 00:00:00,energy,6.0,,energy,,,1 days 00:00:00,,scores
2023-09-29 00:00:00,2023-09-30 00:00:00,mood,4.0,,mood,,,1 days 00:00:00,,scores
2023-09-29 00:00:00,2023-09-30 00:00:00,stress,6.0,,stress,,,1 days 00:00:00,,scores
2023-09-29 00:20:00,2023-09-29 01:20:00,party,,['social'],Party,,Going to a party with friends.,0 days 01:00:00,"['Ron', 'Tyrese', 'Mara']",scheduled
2023-09-29 05:30:00,2023-09-29 06:30:00,dinner,,,dinner,,,0 days 01:00:00,,meals
2023-09-29 12:00:00,2023-09-29 13:00:00,lunch,,,lunch,,,0 days 01:00:00,,meals
2023-09-29 14:00:00,2023-09-29 15:00:00,headache,,"['discomfort', 'head', 'health']",headache,,"Mild headache on the left side of the head.
",0 days 01:00:00,,sensations
2023-09-29 18:00:00,2023-09-29 19:00:00,weightlifting,,['exercise'],Weightlifting,The K Center,Weightlifting.,0 days 01:00:00,['Tyrese'],scheduled
2023-09-29 23:00:00,2023-09-30 00:00:00,reading,,"['relaxation', 'personal time']",Reading,Apartment,Helps to destress at the end of the day.,0 days 01:00:00,,unscheduled
2023-09-30 00:00:00,2023-10-01 00:00:00,stress,7.0,,stress,,,1 days 00:00:00,,scores
2023-09-30 00:00:00,2023-10-01 00:00:00,energy,6.0,,energy,,,1 days 00:00:00,,scores
2023-09-30 00:00:00,2023-09-30 08:00:00,sleep,,,sleep,,,0 days 08:00:00,,sleep
2023-09-30 00:00:00,2023-10-01 00:00:00,mood,7.0,,mood,,,1 days 00:00:00,,scores
2023-09-30 00:16:00,2023-09-30 01:16:00,going_for_a_walk,,"['nature', 'exercise']",Going for a Walk,Duke Gardens,Going for a walk at Duke Gardens.,0 days 01:00:00,,unscheduled
2023-09-30 05:00:00,2023-09-30 06:00:00,talking_with_mom,,"['phone call', 'social']",Talking with Mom,,Phone call with mom.,0 days 01:00:00,['Mom'],unscheduled
2023-09-30 05:30:00,2023-09-30 06:30:00,dinner,,,dinner,,,0 days 01:00:00,,meals
2023-09-30 12:00:00,2023-09-30 13:00:00,lunch,,,lunch,,,0 days 01:00:00,,meals
2023-09-30 14:00:00,2023-09-30 15:00:00,headache,,"['discomfort', 'head', 'health']",headache,,"Mild headache on the left side of the head.
",0 days 01:00:00,,sensations
2023-09-30 23:00:00,2023-10-01 00:00:00,playing_videogames,,"['relaxation', 'personal time']",playing videogames,Apartment,Helps to destress at the end of the day.,0 days 01:00:00,,unscheduled
2023-10-01 00:00:00,2023-10-01 06:00:00,sleep,,,sleep,,,0 days 06:00:00,,sleep
2023-10-01 00:00:00,2023-10-02 00:00:00,stress,8.0,,stress,,,1 days 00:00:00,,scores
2023-10-01 00:00:00,2023-10-02 00:00:00,energy,6.0,,energy,,,1 days 00:00:00,,scores
2023-10-01 00:00:00,2023-10-02 00:00:00,mood,6.0,,mood,,,1 days 00:00:00,,scores
2023-10-01 00:19:00,2023-10-01 01:19:00,movie_night,,"['movies', 'friendship']",Movie Night,,Movie night with friends.,0 days 01:00:00,"['Ron', 'Mara']",scheduled
2023-10-01 05:30:00,2023-10-01 06:30:00,dinner,,,dinner,,,0 days 01:00:00,,meals
2023-10-01 08:00:00,2023-10-01 09:00:00,breakfast,,,breakfast,,,0 days 01:00:00,,meals
2023-10-01 09:00:00,2023-10-01 10:00:00,hiking,,"['nature', 'exercise']",hiking,Eno River State Park,Improves mood.,0 days 01:00:00,,unscheduled
2023-10-01 10:00:00,2023-10-01 11:00:00,headache,,"['discomfort', 'head', 'health']",headache,,"Mild headache on the left side of the head.
",0 days 01:00:00,,sensations
2023-10-01 12:00:00,2023-10-01 13:00:00,lunch,,,lunch,,,0 days 01:00:00,,meals
2023-10-01 23:00:00,2023-10-02 00:00:00,playing_videogames,,"['relaxation', 'personal time']",playing videogames,Apartment,Helps to destress at the end of the day.,0 days 01:00:00,,unscheduled
2023-10-02 00:00:00,2023-10-03 00:00:00,stress,6.0,,stress,,,1 days 00:00:00,,scores
2023-10-02 00:00:00,2023-10-02 06:00:00,sleep,,,sleep,,,0 days 06:00:00,,sleep
2023-10-02 00:00:00,2023-10-03 00:00:00,energy,6.0,,energy,,,1 days 00:00:00,,scores
2023-10-02 00:00:00,2023-10-03 00:00:00,mood,5.0,,mood,,,1 days 00:00:00,,scores
2023-10-02 05:30:00,2023-10-02 06:30:00,dinner,,,dinner,,,0 days 01:00:00,,meals
2023-10-02 08:00:00,2023-10-02 09:00:00,breakfast,,,breakfast,,,0 days 01:00:00,,meals
2023-10-02 10:00:00,2023-10-02 11:00:00,headache,,"['discomfort', 'head', 'health']",headache,,"Mild headache on the left side of the head.
",0 days 01:00:00,,sensations
2023-10-02 12:00:00,2023-10-02 13:00:00,lunch,,,lunch,,,0 days 01:00:00,,meals
2023-10-02 18:00:00,2023-10-02 19:00:00,basketball_practice,,"['basketball team', 'exercise']",Basketball Practice,The K Center,Practice for the Duke basketball team.,0 days 01:00:00,,scheduled
2023-10-02 18:10:00,2023-10-02 19:10:00,shoulder_pain,,"['discomfort', 'shoulder', 'arm', 'health']",shoulder pain,,"Len feels pain on the outer part of the elbow,  especially when twisting or extending his arm.
",0 days 01:00:00,,sensations
2023-10-02 23:00:00,2023-10-03 00:00:00,reading,,"['relaxation', 'personal time']",Reading,Apartment,Helps to destress at the end of the day.,0 days 01:00:00,,unscheduled
2023-10-03 00:00:00,2023-10-04 00:00:00,stress,8.0,,stress,,,1 days 00:00:00,,scores
2023-10-03 00:00:00,2023-10-04 00:00:00,energy,6.0,,energy,,,1 days 00:00:00,,scores
2023-10-03 00:00:00,2023-10-04 00:00:00,mood,7.0,,mood,,,1 days 00:00:00,,scores
2023-10-03 00:00:00,2023-10-03 06:00:00,sleep,,,sleep,,,0 days 06:00:00,,sleep
2023-10-03 00:16:00,2023-10-03 01:16:00,going_for_a_walk,,"['nature', 'exercise']",Going for a Walk,Duke Gardens,Going for a walk at Duke Gardens.,0 days 01:00:00,,unscheduled
2023-10-03 05:00:00,2023-10-03 06:00:00,talking_with_mom,,"['phone call', 'social']",Talking with Mom,,Phone call with mom.,0 days 01:00:00,['Mom'],unscheduled
2023-10-03 05:30:00,2023-10-03 06:30:00,dinner,,,dinner,,,0 days 01:00:00,,meals
2023-10-03 12:00:00,2023-10-03 13:00:00,lunch,,,lunch,,,0 days 01:00:00,,meals
2023-10-03 14:00:00,2023-10-03 15:00:00,headache,,"['discomfort', 'head', 'health']",headache,,"Mild headache on the left side of the head.
",0 days 01:00:00,,sensations
2023-10-03 18:00:00,2023-10-03 19:00:00,basketball_practice,,"['basketball team', 'exercise']",Basketball Practice,The K Center,Practice for the Duke basketball team.,0 days 01:00:00,,scheduled
2023-10-03 18:10:00,2023-10-03 19:10:00,shoulder_pain,,"['discomfort', 'shoulder', 'arm', 'health']",shoulder pain,,"Len feels pain on the outer part of the elbow,  especially when twisting or extending his arm.
",0 days 01:00:00,,sensations
2023-10-04 00:00:00,2023-10-05 00:00:00,stress,6.0,,stress,,,1 days 00:00:00,,scores
2023-10-04 00:00:00,2023-10-05 00:00:00,energy,6.0,,energy,,,1 days 00:00:00,,scores
2023-10-04 00:00:00,2023-10-05 00:00:00,mood,7.0,,mood,,,1 days 00:00:00,,scores
2023-10-04 00:00:00,2023-10-04 08:00:00,sleep,,,sleep,,,0 days 08:00:00,,sleep
2023-10-04 05:30:00,2023-10-04 06:30:00,dinner,,,dinner,,,0 days 01:00:00,,meals
2023-10-04 08:00:00,2023-10-04 09:00:00,breakfast,,,breakfast,,,0 days 01:00:00,,meals
2023-10-04 10:00:00,2023-10-04 11:00:00,headache,,"['discomfort', 'head', 'health']",headache,,"Mild headache on the left side of the head.
",0 days 01:00:00,,sensations
2023-10-04 12:00:00,2023-10-04 13:00:00,lunch,,,lunch,,,0 days 01:00:00,,meals
2023-10-04 18:00:00,2023-10-04 19:00:00,weightlifting,,['exercise'],Weightlifting,The K Center,Weightlifting.,0 days 01:00:00,['Tyrese'],scheduled
2023-10-04 23:00:00,2023-10-05 00:00:00,reading,,"['relaxation', 'personal time']",Reading,Apartment,Helps to destress at the end of the day.,0 days 01:00:00,,unscheduled
2023-10-05 00:00:00,2023-10-06 00:00:00,energy,6.0,,energy,,,1 days 00:00:00,,scores
2023-10-05 00:00:00,2023-10-06 00:00:00,stress,6.0,,stress,,,1 days 00:00:00,,scores
2023-10-05 00:00:00,2023-10-05 08:00:00,sleep,,,sleep,,,0 days 08:00:00,,sleep
2023-10-05 00:00:00,2023-10-06 00:00:00,mood,7.0,,mood,,,1 days 00:00:00,,scores
2023-10-05 05:30:00,2023-10-05 06:30:00,dinner,,,dinner,,,0 days 01:00:00,,meals
2023-10-05 08:00:00,2023-10-05 09:00:00,breakfast,,,breakfast,,,0 days 01:00:00,,meals
2023-10-05 12:00:00,2023-10-05 13:00:00,lunch,,,lunch,,,0 days 01:00:00,,meals
2023-10-05 18:00:00,2023-10-05 19:00:00,basketball_practice,,"['basketball team', 'exercise']",Basketball Practice,The K Center,Practice for the Duke basketball team.,0 days 01:00:00,,scheduled
2023-10-05 18:10:00,2023-10-05 19:10:00,shoulder_pain,,"['discomfort', 'shoulder', 'arm', 'health']",shoulder pain,,"Len feels pain on the outer part of the elbow,  especially when twisting or extending his arm.
",0 days 01:00:00,,sensations
2023-10-05 23:00:00,2023-10-06 00:00:00,reading,,"['relaxation', 'personal time']",Reading,Apartment,Helps to destress at the end of the day.,0 days 01:00:00,,unscheduled
2023-10-06 00:00:00,2023-10-07 00:00:00,stress,6.0,,stress,,,1 days 00:00:00,,scores
2023-10-06 00:00:00,2023-10-07 00:00:00,energy,6.0,,energy,,,1 days 00:00:00,,scores
2023-10-06 00:00:00,2023-10-07 00:00:00,mood,1.0,,mood,,,1 days 00:00:00,,scores
2023-10-06 00:00:00,2023-10-06 08:00:00,sleep,,,sleep,,,0 days 08:00:00,,sleep
2023-10-06 00:20:00,2023-10-06 01:20:00,party,,['social'],Party,,Going to a party with friends.,0 days 01:00:00,"['Ron', 'Tyrese', 'Mara']",scheduled
2023-10-06 05:30:00,2023-10-06 06:30:00,dinner,,,dinner,,,0 days 01:00:00,,meals
2023-10-06 10:00:00,2023-10-06 11:00:00,talking_with_girlfriend,,"['phone call', 'social']",Talking with Girlfriend,,Phone call with girlfriend.,0 days 01:00:00,['Mara'],unscheduled
2023-10-06 12:00:00,2023-10-06 13:00:00,lunch,,,lunch,,,0 days 01:00:00,,meals
2023-10-06 14:00:00,2023-10-06 15:00:00,headache,,"['discomfort', 'head', 'health']",headache,,"Mild headache on the left side of the head.
",0 days 01:00:00,,sensations
2023-10-06 18:00:00,2023-10-06 19:00:00,weightlifting,,['exercise'],Weightlifting,The K Center,Weightlifting.,0 days 01:00:00,['Tyrese'],scheduled
2023-10-07 00:00:00,2023-10-08 00:00:00,energy,4.0,,energy,,,1 days 00:00:00,,scores
2023-10-07 00:00:00,2023-10-08 00:00:00,mood,5.0,,mood,,,1 days 00:00:00,,scores
2023-10-07 00:00:00,2023-10-08 00:00:00,stress,6.0,,stress,,,1 days 00:00:00,,scores
2023-10-07 00:00:00,2023-10-07 07:00:00,sleep,,,sleep,,,0 days 07:00:00,,sleep
2023-10-07 00:19:00,2023-10-07 01:19:00,date_night,,"['social', 'relationship']",Date Night,,Going on a date night.,0 days 01:00:00,['Mara'],scheduled
2023-10-07 05:30:00,2023-10-07 06:30:00,dinner,,,dinner,,,0 days 01:00:00,,meals
2023-10-07 08:00:00,2023-10-07 09:00:00,breakfast,,,breakfast,,,0 days 01:00:00,,meals
2023-10-07 10:00:00,2023-10-07 11:00:00,headache,,"['discomfort', 'head', 'health']",headache,,"Mild headache on the left side of the head.
",0 days 01:00:00,,sensations
2023-10-07 10:00:00,2023-10-07 11:00:00,talking_with_girlfriend,,"['phone call', 'social']",Talking with Girlfriend,,Phone call with girlfriend.,0 days 01:00:00,['Mara'],unscheduled
2023-10-07 12:00:00,2023-10-07 13:00:00,lunch,,,lunch,,,0 days 01:00:00,,meals
2023-10-07 14:00:00,2023-10-07 15:00:00,stomach_ache,,"['discomfort', 'stomach', 'health']",stomach ache,,"Mild stomach ache.
",0 days 01:00:00,,sensations
2023-10-07 23:00:00,2023-10-08 00:00:00,playing_videogames,,"['relaxation', 'personal time']",playing videogames,Apartment,Helps to destress at the end of the day.,0 days 01:00:00,,unscheduled
2023-10-08 00:00:00,2023-10-09 00:00:00,stress,6.0,,stress,,,1 days 00:00:00,,scores
2023-10-08 00:00:00,2023-10-09 00:00:00,energy,6.0,,energy,,,1 days 00:00:00,,scores
2023-10-08 00:00:00,2023-10-08 07:00:00,sleep,,,sleep,,,0 days 07:00:00,,sleep
2023-10-08 00:00:00,2023-10-09 00:00:00,mood,8.0,,mood,,,1 days 00:00:00,,scores
2023-10-08 00:19:00,2023-10-08 01:19:00,date_night,,"['social', 'relationship']",Date Night,,Going on a date night.,0 days 01:00:00,['Mara'],scheduled
2023-10-08 05:30:00,2023-10-08 06:30:00,dinner,,,dinner,,,0 days 01:00:00,,meals
2023-10-08 08:00:00,2023-10-08 09:00:00,breakfast,,,breakfast,,,0 days 01:00:00,,meals
2023-10-08 10:00:00,2023-10-08 11:00:00,headache,,"['discomfort', 'head', 'health']",headache,,"Mild headache on the left side of the head.
",0 days 01:00:00,,sensations
2023-10-08 12:00:00,2023-10-08 13:00:00,lunch,,,lunch,,,0 days 01:00:00,,meals
2023-10-08 23:00:00,2023-10-09 00:00:00,playing_videogames,,"['relaxation', 'personal time']",playing videogames,Apartment,Helps to destress at the end of the day.,0 days 01:00:00,,unscheduled
2023-10-09 00:00:00,2023-10-10 00:00:00,stress,6.0,,stress,,,1 days 00:00:00,,scores
2023-10-09 00:00:00,2023-10-09 07:00:00,sleep,,,sleep,,,0 days 07:00:00,,sleep
2023-10-09 00:00:00,2023-10-10 00:00:00,energy,3.0,,energy,,,1 days 00:00:00,,scores
2023-10-09 00:00:00,2023-10-10 00:00:00,mood,5.0,,mood,,,1 days 00:00:00,,scores
2023-10-09 05:30:00,2023-10-09 06:30:00,dinner,,,dinner,,,0 days 01:00:00,,meals
2023-10-09 12:00:00,2023-10-09 13:00:00,lunch,,,lunch,,,0 days 01:00:00,,meals
2023-10-09 14:00:00,2023-10-09 15:00:00,stomach_ache,,"['discomfort', 'stomach', 'health']",stomach ache,,"Mild stomach ache.
",0 days 01:00:00,,sensations
2023-10-09 14:00:00,2023-10-09 15:00:00,headache,,"['discomfort', 'head', 'health']",headache,,"Mild headache on the left side of the head.
",0 days 01:00:00,,sensations
2023-10-09 18:00:00,2023-10-09 19:00:00,basketball_practice,,"['basketball team', 'exercise']",Basketball Practice,The K Center,Practice for the Duke basketball team.,0 days 01:00:00,,scheduled
2023-10-09 18:10:00,2023-10-09 19:10:00,shoulder_pain,,"['discomfort', 'shoulder', 'arm', 'health']",shoulder pain,,"Len feels pain on the outer part of the elbow,  especially when twisting or extending his arm.
",0 days 01:00:00,,sensations
2023-10-09 23:00:00,2023-10-10 00:00:00,playing_videogames,,"['relaxation', 'personal time']",playing videogames,Apartment,Helps to destress at the end of the day.,0 days 01:00:00,,unscheduled
2023-10-10 00:00:00,2023-10-10 05:00:00,sleep,,,sleep,,,0 days 05:00:00,,sleep
2023-10-10 00:00:00,2023-10-11 00:00:00,mood,5.0,,mood,,,1 days 00:00:00,,scores
2023-10-10 00:00:00,2023-10-11 00:00:00,energy,6.0,,energy,,,1 days 00:00:00,,scores
2023-10-10 00:00:00,2023-10-11 00:00:00,stress,6.0,,stress,,,1 days 00:00:00,,scores
2023-10-10 05:30:00,2023-10-10 06:30:00,dinner,,,dinner,,,0 days 01:00:00,,meals
2023-10-10 08:00:00,2023-10-10 09:00:00,breakfast,,,breakfast,,,0 days 01:00:00,,meals
2023-10-10 10:00:00,2023-10-10 11:00:00,headache,,"['discomfort', 'head', 'health']",headache,,"Mild headache on the left side of the head.
",0 days 01:00:00,,sensations
2023-10-10 12:00:00,2023-10-10 13:00:00,lunch,,,lunch,,,0 days 01:00:00,,meals
2023-10-10 23:00:00,2023-10-11 00:00:00,reading,,"['relaxation', 'personal time']",Reading,Apartment,Helps to destress at the end of the day.,0 days 01:00:00,,unscheduled
2023-10-11 00:00:00,2023-10-12 00:00:00,energy,6.0,,energy,,,1 days 00:00:00,,scores
2023-10-11 00:00:00,2023-10-11 06:00:00,sleep,,,sleep,,,0 days 06:00:00,,sleep
2023-10-11 00:00:00,2023-10-12 00:00:00,mood,6.0,,mood,,,1 days 00:00:00,,scores
2023-10-11 00:00:00,2023-10-12 00:00:00,stress,4.0,,stress,,,1 days 00:00:00,,scores
2023-10-11 00:16:00,2023-10-11 01:16:00,going_for_a_walk,,"['nature', 'exercise']",Going for a Walk,Duke Gardens,Going for a walk at Duke Gardens.,0 days 01:00:00,,unscheduled
2023-10-11 05:00:00,2023-10-11 06:00:00,talking_with_mom,,"['phone call', 'social']",Talking with Mom,,Phone call with mom.,0 days 01:00:00,['Mom'],unscheduled
2023-10-11 05:30:00,2023-10-11 06:30:00,dinner,,,dinner,,,0 days 01:00:00,,meals
2023-10-11 08:00:00,2023-10-11 09:00:00,breakfast,,,breakfast,,,0 days 01:00:00,,meals
2023-10-11 10:00:00,2023-10-11 11:00:00,headache,,"['discomfort', 'head', 'health']",headache,,"Mild headache on the left side of the head.
",0 days 01:00:00,,sensations
2023-10-11 12:00:00,2023-10-11 13:00:00,lunch,,,lunch,,,0 days 01:00:00,,meals
2023-10-11 18:00:00,2023-10-11 19:00:00,basketball_practice,,"['basketball team', 'exercise']",Basketball Practice,The K Center,Practice for the Duke basketball team.,0 days 01:00:00,,scheduled
2023-10-11 18:10:00,2023-10-11 19:10:00,shoulder_pain,,"['discomfort', 'shoulder', 'arm', 'health']",shoulder pain,,"Len feels pain on the outer part of the elbow,  especially when twisting or extending his arm.
",0 days 01:00:00,,sensations
2023-10-11 23:00:00,2023-10-12 00:00:00,playing_videogames,,"['relaxation', 'personal time']",playing videogames,Apartment,Helps to destress at the end of the day.,0 days 01:00:00,,unscheduled
2023-10-12 00:00:00,2023-10-12 07:00:00,sleep,,,sleep,,,0 days 07:00:00,,sleep
2023-10-12 00:00:00,2023-10-13 00:00:00,mood,7.0,,mood,,,1 days 00:00:00,,scores
2023-10-12 00:00:00,2023-10-13 00:00:00,energy,6.0,,energy,,,1 days 00:00:00,,scores
2023-10-12 00:00:00,2023-10-13 00:00:00,stress,7.0,,stress,,,1 days 00:00:00,,scores
2023-10-12 00:16:00,2023-10-12 01:16:00,going_for_a_walk,,"['nature', 'exercise']",Going for a Walk,Duke Gardens,Going for a walk at Duke Gardens.,0 days 01:00:00,,unscheduled
2023-10-12 05:30:00,2023-10-12 06:30:00,dinner,,,dinner,,,0 days 01:00:00,,meals
2023-10-12 10:00:00,2023-10-12 11:00:00,talking_with_girlfriend,,"['phone call', 'social']",Talking with Girlfriend,,Phone call with girlfriend.,0 days 01:00:00,['Mara'],unscheduled
2023-10-12 12:00:00,2023-10-12 13:00:00,lunch,,,lunch,,,0 days 01:00:00,,meals
2023-10-12 14:00:00,2023-10-12 15:00:00,headache,,"['discomfort', 'head', 'health']",headache,,"Mild headache on the left side of the head.
",0 days 01:00:00,,sensations
2023-10-12 18:00:00,2023-10-12 19:00:00,basketball_practice,,"['basketball team', 'exercise']",Basketball Practice,The K Center,Practice for the Duke basketball team.,0 days 01:00:00,,scheduled
2023-10-12 18:10:00,2023-10-12 19:10:00,shoulder_pain,,"['discomfort', 'shoulder', 'arm', 'health']",shoulder pain,,"Len feels pain on the outer part of the elbow,  especially when twisting or extending his arm.
",0 days 01:00:00,,sensations
2023-10-13 00:00:00,2023-10-14 00:00:00,stress,6.0,,stress,,,1 days 00:00:00,,scores
2023-10-13 00:00:00,2023-10-14 00:00:00,energy,6.0,,energy,,,1 days 00:00:00,,scores
2023-10-13 00:00:00,2023-10-14 00:00:00,mood,8.0,,mood,,,1 days 00:00:00,,scores
2023-10-13 00:00:00,2023-10-13 08:00:00,sleep,,,sleep,,,0 days 08:00:00,,sleep
2023-10-13 00:20:00,2023-10-13 01:20:00,party,,['social'],Party,,Going to a party with friends.,0 days 01:00:00,"['Ron', 'Tyrese', 'Mara']",scheduled
2023-10-13 05:30:00,2023-10-13 06:30:00,dinner,,,dinner,,,0 days 01:00:00,,meals
2023-10-13 08:00:00,2023-10-13 09:00:00,breakfast,,,breakfast,,,0 days 01:00:00,,meals
2023-10-13 10:00:00,2023-10-13 11:00:00,headache,,"['discomfort', 'head', 'health']",headache,,"Mild headache on the left side of the head.
",0 days 01:00:00,,sensations
2023-10-13 12:00:00,2023-10-13 13:00:00,lunch,,,lunch,,,0 days 01:00:00,,meals
2023-10-13 18:00:00,2023-10-13 19:00:00,weightlifting,,['exercise'],Weightlifting,The K Center,Weightlifting.,0 days 01:00:00,['Tyrese'],scheduled
2023-10-14 00:00:00,2023-10-15 00:00:00,stress,8.0,,stress,,,1 days 00:00:00,,scores
2023-10-14 00:00:00,2023-10-15 00:00:00,energy,6.0,,energy,,,1 days 00:00:00,,scores
2023-10-14 00:00:00,2023-10-15 00:00:00,mood,8.0,,mood,,,1 days 00:00:00,,scores
2023-10-14 00:00:00,2023-10-14 05:00:00,sleep,,,sleep,,,0 days 05:00:00,,sleep
2023-10-14 00:19:00,2023-10-14 01:19:00,date_night,,"['social', 'relationship']",Date Night,,Going on a date night.,0 days 01:00:00,['Mara'],scheduled
2023-10-14 05:30:00,2023-10-14 06:30:00,dinner,,,dinner,,,0 days 01:00:00,,meals
2023-10-14 09:00:00,2023-10-14 10:00:00,hiking,,"['nature', 'exercise']",hiking,Eno River State Park,Improves mood.,0 days 01:00:00,,unscheduled
2023-10-14 12:00:00,2023-10-14 13:00:00,lunch,,,lunch,,,0 days 01:00:00,,meals
2023-10-14 14:00:00,2023-10-14 15:00:00,headache,,"['discomfort', 'head', 'health']",headache,,"Mild headache on the left side of the head.
",0 days 01:00:00,,sensations
2023-10-14 23:00:00,2023-10-15 00:00:00,playing_videogames,,"['relaxation', 'personal time']",playing videogames,Apartment,Helps to destress at the end of the day.,0 days 01:00:00,,unscheduled
2023-10-15 00:00:00,2023-10-15 08:00:00,sleep,,,sleep,,,0 days 08:00:00,,sleep
2023-10-15 00:00:00,2023-10-16 00:00:00,energy,6.0,,energy,,,1 days 00:00:00,,scores
2023-10-15 00:00:00,2023-10-16 00:00:00,stress,2.0,,stress,,,1 days 00:00:00,,scores
2023-10-15 00:00:00,2023-10-16 00:00:00,mood,8.0,,mood,,,1 days 00:00:00,,scores
2023-10-15 00:19:00,2023-10-15 01:19:00,date_night,,"['social', 'relationship']",Date Night,,Going on a date night.,0 days 01:00:00,['Mara'],scheduled
2023-10-15 05:00:00,2023-10-15 06:00:00,talking_with_mom,,"['phone call', 'social']",Talking with Mom,,Phone call with mom.,0 days 01:00:00,['Mom'],unscheduled
2023-10-15 05:30:00,2023-10-15 06:30:00,dinner,,,dinner,,,0 days 01:00:00,,meals
2023-10-15 10:00:00,2023-10-15 11:00:00,talking_with_girlfriend,,"['phone call', 'social']",Talking with Girlfriend,,Phone call with girlfriend.,0 days 01:00:00,['Mara'],unscheduled
2023-10-15 12:00:00,2023-10-15 13:00:00,lunch,,,lunch,,,0 days 01:00:00,,meals
2023-10-15 14:00:00,2023-10-15 15:00:00,headache,,"['discomfort', 'head', 'health']",headache,,"Mild headache on the left side of the head.
",0 days 01:00:00,,sensations
2023-10-15 23:00:00,2023-10-16 00:00:00,reading,,"['relaxation', 'personal time']",Reading,Apartment,Helps to destress at the end of the day.,0 days 01:00:00,,unscheduled
2023-10-16 00:00:00,2023-10-17 00:00:00,stress,6.0,,stress,,,1 days 00:00:00,,scores
2023-10-16 00:00:00,2023-10-17 00:00:00,energy,6.0,,energy,,,1 days 00:00:00,,scores
2023-10-16 00:00:00,2023-10-17 00:00:00,mood,5.0,,mood,,,1 days 00:00:00,,scores
2023-10-16 00:00:00,2023-10-16 08:00:00,sleep,,,sleep,,,0 days 08:00:00,,sleep
2023-10-16 05:30:00,2023-10-16 06:30:00,dinner,,,dinner,,,0 days 01:00:00,,meals
2023-10-16 12:00:00,2023-10-16 13:00:00,lunch,,,lunch,,,0 days 01:00:00,,meals
2023-10-16 14:00:00,2023-10-16 15:00:00,headache,,"['discomfort', 'head', 'health']",headache,,"Mild headache on the left side of the head.
",0 days 01:00:00,,sensations
2023-10-16 18:00:00,2023-10-16 19:00:00,basketball_practice,,"['basketball team', 'exercise']",Basketball Practice,The K Center,Practice for the Duke basketball team.,0 days 01:00:00,,scheduled
2023-10-16 18:10:00,2023-10-16 19:10:00,shoulder_pain,,"['discomfort', 'shoulder', 'arm', 'health']",shoulder pain,,"Len feels pain on the outer part of the elbow,  especially when twisting or extending his arm.
",0 days 01:00:00,,sensations
2023-10-16 23:00:00,2023-10-17 00:00:00,playing_videogames,,"['relaxation', 'personal time']",playing videogames,Apartment,Helps to destress at the end of the day.,0 days 01:00:00,,unscheduled
2023-10-17 00:00:00,2023-10-17 08:00:00,sleep,,,sleep,,,0 days 08:00:00,,sleep
2023-10-17 00:00:00,2023-10-18 00:00:00,energy,6.0,,energy,,,1 days 00:00:00,,scores
2023-10-17 00:00:00,2023-10-18 00:00:00,mood,6.0,,mood,,,1 days 00:00:00,,scores
2023-10-17 00:00:00,2023-10-18 00:00:00,stress,6.0,,stress,,,1 days 00:00:00,,scores
2023-10-17 05:30:00,2023-10-17 06:30:00,dinner,,,dinner,,,0 days 01:00:00,,meals
2023-10-17 08:00:00,2023-10-17 09:00:00,breakfast,,,breakfast,,,0 days 01:00:00,,meals
2023-10-17 10:00:00,2023-10-17 11:00:00,headache,,"['discomfort', 'head', 'health']",headache,,"Mild headache on the left side of the head.
",0 days 01:00:00,,sensations
2023-10-17 12:00:00,2023-10-17 13:00:00,lunch,,,lunch,,,0 days 01:00:00,,meals
2023-10-17 18:00:00,2023-10-17 19:00:00,basketball_practice,,"['basketball team', 'exercise']",Basketball Practice,The K Center,Practice for the Duke basketball team.,0 days 01:00:00,,scheduled
2023-10-17 18:10:00,2023-10-17 19:10:00,shoulder_pain,,"['discomfort', 'shoulder', 'arm', 'health']",shoulder pain,,"Len feels pain on the outer part of the elbow,  especially when twisting or extending his arm.
",0 days 01:00:00,,sensations
2023-10-17 23:00:00,2023-10-18 00:00:00,playing_videogames,,"['relaxation', 'personal time']",playing videogames,Apartment,Helps to destress at the end of the day.,0 days 01:00:00,,unscheduled
2023-10-18 00:00:00,2023-10-19 00:00:00,stress,6.0,,stress,,,1 days 00:00:00,,scores
2023-10-18 00:00:00,2023-10-19 00:00:00,energy,6.0,,energy,,,1 days 00:00:00,,scores
2023-10-18 00:00:00,2023-10-19 00:00:00,mood,6.0,,mood,,,1 days 00:00:00,,scores
2023-10-18 00:00:00,2023-10-18 05:00:00,sleep,,,sleep,,,0 days 05:00:00,,sleep
2023-10-18 05:30:00,2023-10-18 06:30:00,dinner,,,dinner,,,0 days 01:00:00,,meals
2023-10-18 12:00:00,2023-10-18 13:00:00,lunch,,,lunch,,,0 days 01:00:00,,meals
2023-10-18 14:00:00,2023-10-18 15:00:00,headache,,"['discomfort', 'head', 'health']",headache,,"Mild headache on the left side of the head.
",0 days 01:00:00,,sensations
2023-10-18 18:00:00,2023-10-18 19:00:00,basketball_practice,,"['basketball team', 'exercise']",Basketball Practice,The K Center,Practice for the Duke basketball team.,0 days 01:00:00,,scheduled
2023-10-18 18:10:00,2023-10-18 19:10:00,shoulder_pain,,"['discomfort', 'shoulder', 'arm', 'health']",shoulder pain,,"Len feels pain on the outer part of the elbow,  especially when twisting or extending his arm.
",0 days 01:00:00,,sensations
2023-10-18 23:00:00,2023-10-19 00:00:00,playing_videogames,,"['relaxation', 'personal time']",playing videogames,Apartment,Helps to destress at the end of the day.,0 days 01:00:00,,unscheduled
2023-10-19 00:00:00,2023-10-20 00:00:00,mood,9.0,,mood,,,1 days 00:00:00,,scores
2023-10-19 00:00:00,2023-10-20 00:00:00,stress,8.0,,stress,,,1 days 00:00:00,,scores
2023-10-19 00:00:00,2023-10-20 00:00:00,energy,3.0,,energy,,,1 days 00:00:00,,scores
2023-10-19 00:00:00,2023-10-19 05:00:00,sleep,,,sleep,,,0 days 05:00:00,,sleep
2023-10-19 00:16:00,2023-10-19 01:16:00,going_for_a_walk,,"['nature', 'exercise']",Going for a Walk,Duke Gardens,Going for a walk at Duke Gardens.,0 days 01:00:00,,unscheduled
2023-10-19 05:30:00,2023-10-19 06:30:00,dinner,,,dinner,,,0 days 01:00:00,,meals
2023-10-19 12:00:00,2023-10-19 13:00:00,lunch,,,lunch,,,0 days 01:00:00,,meals
2023-10-19 14:00:00,2023-10-19 15:00:00,stomach_ache,,"['discomfort', 'stomach', 'health']",stomach ache,,"Mild stomach ache.
",0 days 01:00:00,,sensations
2023-10-19 18:00:00,2023-10-19 19:00:00,basketball_practice,,"['basketball team', 'exercise']",Basketball Practice,The K Center,Practice for the Duke basketball team.,0 days 01:00:00,,scheduled
2023-10-19 18:10:00,2023-10-19 19:10:00,shoulder_pain,,"['discomfort', 'shoulder', 'arm', 'health']",shoulder pain,,"Len feels pain on the outer part of the elbow,  especially when twisting or extending his arm.
",0 days 01:00:00,,sensations
2023-10-19 23:00:00,2023-10-20 00:00:00,playing_videogames,,"['relaxation', 'personal time']",playing videogames,Apartment,Helps to destress at the end of the day.,0 days 01:00:00,,unscheduled
2023-10-20 00:00:00,2023-10-21 00:00:00,stress,6.0,,stress,,,1 days 00:00:00,,scores
2023-10-20 00:00:00,2023-10-21 00:00:00,energy,6.0,,energy,,,1 days 00:00:00,,scores
2023-10-20 00:00:00,2023-10-20 06:00:00,sleep,,,sleep,,,0 days 06:00:00,,sleep
2023-10-20 00:00:00,2023-10-21 00:00:00,mood,1.0,,mood,,,1 days 00:00:00,,scores
2023-10-20 00:20:00,2023-10-20 01:20:00,party,,['social'],Party,,Going to a party with friends.,0 days 01:00:00,"['Ron', 'Tyrese', 'Mara']",scheduled
2023-10-20 05:30:00,2023-10-20 06:30:00,dinner,,,dinner,,,0 days 01:00:00,,meals
2023-10-20 08:00:00,2023-10-20 09:00:00,breakfast,,,breakfast,,,0 days 01:00:00,,meals
2023-10-20 10:00:00,2023-10-20 11:00:00,headache,,"['discomfort', 'head', 'health']",headache,,"Mild headache on the left side of the head.
",0 days 01:00:00,,sensations
2023-10-20 12:00:00,2023-10-20 13:00:00,lunch,,,lunch,,,0 days 01:00:00,,meals
2023-10-20 18:00:00,2023-10-20 19:00:00,weightlifting,,['exercise'],Weightlifting,The K Center,Weightlifting.,0 days 01:00:00,['Tyrese'],scheduled
2023-10-21 00:00:00,2023-10-22 00:00:00,stress,9.0,,stress,,,1 days 00:00:00,,scores
2023-10-21 00:00:00,2023-10-22 00:00:00,energy,6.0,,energy,,,1 days 00:00:00,,scores
2023-10-21 00:00:00,2023-10-21 07:00:00,sleep,,,sleep,,,0 days 07:00:00,,sleep
2023-10-21 00:00:00,2023-10-22 00:00:00,mood,8.0,,mood,,,1 days 00:00:00,,scores
2023-10-21 00:19:00,2023-10-21 01:19:00,date_night,,"['social', 'relationship']",Date Night,,Going on a date night.,0 days 01:00:00,['Mara'],scheduled
2023-10-21 05:00:00,2023-10-21 06:00:00,talking_with_mom,,"['phone call', 'social']",Talking with Mom,,Phone call with mom.,0 days 01:00:00,['Mom'],unscheduled
2023-10-21 05:30:00,2023-10-21 06:30:00,dinner,,,dinner,,,0 days 01:00:00,,meals
2023-10-21 09:00:00,2023-10-21 10:00:00,hiking,,"['nature', 'exercise']",hiking,Eno River State Park,Improves mood.,0 days 01:00:00,,unscheduled
2023-10-21 12:00:00,2023-10-21 13:00:00,lunch,,,lunch,,,0 days 01:00:00,,meals
2023-10-21 14:00:00,2023-10-21 15:00:00,headache,,"['discomfort', 'head', 'health']",headache,,"Mild headache on the left side of the head.
",0 days 01:00:00,,sensations
2023-10-21 23:00:00,2023-10-22 00:00:00,playing_videogames,,"['relaxation', 'personal time']",playing videogames,Apartment,Helps to destress at the end of the day.,0 days 01:00:00,,unscheduled
2023-10-22 00:00:00,2023-10-23 00:00:00,stress,9.0,,stress,,,1 days 00:00:00,,scores
2023-10-22 00:00:00,2023-10-23 00:00:00,energy,6.0,,energy,,,1 days 00:00:00,,scores
2023-10-22 00:00:00,2023-10-23 00:00:00,mood,7.0,,mood,,,1 days 00:00:00,,scores
2023-10-22 00:00:00,2023-10-22 05:00:00,sleep,,,sleep,,,0 days 05:00:00,,sleep
2023-10-22 00:19:00,2023-10-22 01:19:00,movie_night,,"['movies', 'friendship']",Movie Night,,Movie night with friends.,0 days 01:00:00,"['Ron', 'Mara']",scheduled
2023-10-22 05:00:00,2023-10-22 06:00:00,talking_with_mom,,"['phone call', 'social']",Talking with Mom,,Phone call with mom.,0 days 01:00:00,['Mom'],unscheduled
2023-10-22 05:30:00,2023-10-22 06:30:00,dinner,,,dinner,,,0 days 01:00:00,,meals
2023-10-22 08:00:00,2023-10-22 09:00:00,breakfast,,,breakfast,,,0 days 01:00:00,,meals
2023-10-22 09:00:00,2023-10-22 10:00:00,hiking,,"['nature', 'exercise']",hiking,Eno River State Park,Improves mood.,0 days 01:00:00,,unscheduled
2023-10-22 10:00:00,2023-10-22 11:00:00,headache,,"['discomfort', 'head', 'health']",headache,,"Mild headache on the left side of the head.
",0 days 01:00:00,,sensations
2023-10-22 12:00:00,2023-10-22 13:00:00,lunch,,,lunch,,,0 days 01:00:00,,meals
2023-10-22 23:00:00,2023-10-23 00:00:00,playing_videogames,,"['relaxation', 'personal time']",playing videogames,Apartment,Helps to destress at the end of the day.,0 days 01:00:00,,unscheduled
2023-10-23 00:00:00,2023-10-24 00:00:00,stress,6.0,,stress,,,1 days 00:00:00,,scores
2023-10-23 00:00:00,2023-10-23 05:00:00,sleep,,,sleep,,,0 days 05:00:00,,sleep
2023-10-23 00:00:00,2023-10-24 00:00:00,energy,3.0,,energy,,,1 days 00:00:00,,scores
2023-10-23 00:00:00,2023-10-24 00:00:00,mood,4.0,,mood,,,1 days 00:00:00,,scores
2023-10-23 05:30:00,2023-10-23 06:30:00,dinner,,,dinner,,,0 days 01:00:00,,meals
2023-10-23 10:00:00,2023-10-23 11:00:00,talking_with_girlfriend,,"['phone call', 'social']",Talking with Girlfriend,,Phone call with girlfriend.,0 days 01:00:00,['Mara'],unscheduled
2023-10-23 12:00:00,2023-10-23 13:00:00,lunch,,,lunch,,,0 days 01:00:00,,meals
2023-10-23 14:00:00,2023-10-23 15:00:00,headache,,"['discomfort', 'head', 'health']",headache,,"Mild headache on the left side of the head.
",0 days 01:00:00,,sensations
2023-10-23 14:00:00,2023-10-23 15:00:00,stomach_ache,,"['discomfort', 'stomach', 'health']",stomach ache,,"Mild stomach ache.
",0 days 01:00:00,,sensations
2023-10-23 18:00:00,2023-10-23 19:00:00,basketball_practice,,"['basketball team', 'exercise']",Basketball Practice,The K Center,Practice for the Duke basketball team.,0 days 01:00:00,,scheduled
2023-10-23 18:10:00,2023-10-23 19:10:00,shoulder_pain,,"['discomfort', 'shoulder', 'arm', 'health']",shoulder pain,,"Len feels pain on the outer part of the elbow,  especially when twisting or extending his arm.
",0 days 01:00:00,,sensations
2023-10-24 00:00:00,2023-10-25 00:00:00,stress,7.0,,stress,,,1 days 00:00:00,,scores
2023-10-24 00:00:00,2023-10-24 08:00:00,sleep,,,sleep,,,0 days 08:00:00,,sleep
2023-10-24 00:00:00,2023-10-25 00:00:00,mood,5.0,,mood,,,1 days 00:00:00,,scores
2023-10-24 00:00:00,2023-10-25 00:00:00,energy,6.0,,energy,,,1 days 00:00:00,,scores
2023-10-24 05:00:00,2023-10-24 06:00:00,talking_with_mom,,"['phone call', 'social']",Talking with Mom,,Phone call with mom.,0 days 01:00:00,['Mom'],unscheduled
2023-10-24 05:30:00,2023-10-24 06:30:00,dinner,,,dinner,,,0 days 01:00:00,,meals
2023-10-24 08:00:00,2023-10-24 09:00:00,breakfast,,,breakfast,,,0 days 01:00:00,,meals
2023-10-24 10:00:00,2023-10-24 11:00:00,headache,,"['discomfort', 'head', 'health']",headache,,"Mild headache on the left side of the head.
",0 days 01:00:00,,sensations
2023-10-24 12:00:00,2023-10-24 13:00:00,lunch,,,lunch,,,0 days 01:00:00,,meals
2023-10-24 23:00:00,2023-10-25 00:00:00,reading,,"['relaxation', 'personal time']",Reading,Apartment,Helps to destress at the end of the day.,0 days 01:00:00,,unscheduled
2023-10-25 00:00:00,2023-10-26 00:00:00,stress,8.0,,stress,,,1 days 00:00:00,,scores
2023-10-25 00:00:00,2023-10-25 05:00:00,sleep,,,sleep,,,0 days 05:00:00,,sleep
2023-10-25 00:00:00,2023-10-26 00:00:00,energy,3.0,,energy,,,1 days 00:00:00,,scores
2023-10-25 00:00:00,2023-10-26 00:00:00,mood,6.0,,mood,,,1 days 00:00:00,,scores
2023-10-25 00:16:00,2023-10-25 01:16:00,going_for_a_walk,,"['nature', 'exercise']",Going for a Walk,Duke Gardens,Going for a walk at Duke Gardens.,0 days 01:00:00,,unscheduled
2023-10-25 05:30:00,2023-10-25 06:30:00,dinner,,,dinner,,,0 days 01:00:00,,meals
2023-10-25 08:00:00,2023-10-25 09:00:00,breakfast,,,breakfast,,,0 days 01:00:00,,meals
2023-10-25 10:00:00,2023-10-25 11:00:00,headache,,"['discomfort', 'head', 'health']",headache,,"Mild headache on the left side of the head.
",0 days 01:00:00,,sensations
2023-10-25 12:00:00,2023-10-25 13:00:00,lunch,,,lunch,,,0 days 01:00:00,,meals
2023-10-25 14:00:00,2023-10-25 15:00:00,stomach_ache,,"['discomfort', 'stomach', 'health']",stomach ache,,"Mild stomach ache.
",0 days 01:00:00,,sensations
2023-10-25 18:00:00,2023-10-25 19:00:00,basketball_practice,,"['basketball team', 'exercise']",Basketball Practice,The K Center,Practice for the Duke basketball team.,0 days 01:00:00,,scheduled
2023-10-25 18:10:00,2023-10-25 19:10:00,shoulder_pain,,"['discomfort', 'shoulder', 'arm', 'health']",shoulder pain,,"Len feels pain on the outer part of the elbow,  especially when twisting or extending his arm.
",0 days 01:00:00,,sensations
2023-10-26 00:00:00,2023-10-26 08:00:00,sleep,,,sleep,,,0 days 08:00:00,,sleep
2023-10-26 00:00:00,2023-10-27 00:00:00,mood,6.0,,mood,,,1 days 00:00:00,,scores
2023-10-26 00:00:00,2023-10-27 00:00:00,energy,6.0,,energy,,,1 days 00:00:00,,scores
2023-10-26 00:00:00,2023-10-27 00:00:00,stress,6.0,,stress,,,1 days 00:00:00,,scores
2023-10-26 05:30:00,2023-10-26 06:30:00,dinner,,,dinner,,,0 days 01:00:00,,meals
2023-10-26 08:00:00,2023-10-26 09:00:00,breakfast,,,breakfast,,,0 days 01:00:00,,meals
2023-10-26 10:00:00,2023-10-26 11:00:00,talking_with_girlfriend,,"['phone call', 'social']",Talking with Girlfriend,,Phone call with girlfriend.,0 days 01:00:00,['Mara'],unscheduled
2023-10-26 10:00:00,2023-10-26 11:00:00,headache,,"['discomfort', 'head', 'health']",headache,,"Mild headache on the left side of the head.
",0 days 01:00:00,,sensations
2023-10-26 12:00:00,2023-10-26 13:00:00,lunch,,,lunch,,,0 days 01:00:00,,meals
2023-10-26 23:00:00,2023-10-27 00:00:00,reading,,"['relaxation', 'personal time']",Reading,Apartment,Helps to destress at the end of the day.,0 days 01:00:00,,unscheduled
2023-10-27 00:00:00,2023-10-28 00:00:00,stress,6.0,,stress,,,1 days 00:00:00,,scores
2023-10-27 00:00:00,2023-10-28 00:00:00,energy,6.0,,energy,,,1 days 00:00:00,,scores
2023-10-27 00:00:00,2023-10-28 00:00:00,mood,6.0,,mood,,,1 days 00:00:00,,scores
2023-10-27 00:00:00,2023-10-27 07:00:00,sleep,,,sleep,,,0 days 07:00:00,,sleep
2023-10-27 00:20:00,2023-10-27 01:20:00,party,,['social'],Party,,Going to a party with friends.,0 days 01:00:00,"['Ron', 'Tyrese', 'Mara']",scheduled
2023-10-27 05:30:00,2023-10-27 06:30:00,dinner,,,dinner,,,0 days 01:00:00,,meals
2023-10-27 12:00:00,2023-10-27 13:00:00,lunch,,,lunch,,,0 days 01:00:00,,meals
2023-10-27 18:00:00,2023-10-27 19:00:00,weightlifting,,['exercise'],Weightlifting,The K Center,Weightlifting.,0 days 01:00:00,['Tyrese'],scheduled
2023-10-28 00:00:00,2023-10-29 00:00:00,stress,2.0,,stress,,,1 days 00:00:00,,scores
2023-10-28 00:00:00,2023-10-28 05:00:00,sleep,,,sleep,,,0 days 05:00:00,,sleep
2023-10-28 00:00:00,2023-10-29 00:00:00,mood,8.0,,mood,,,1 days 00:00:00,,scores
2023-10-28 00:00:00,2023-10-29 00:00:00,energy,6.0,,energy,,,1 days 00:00:00,,scores
2023-10-28 00:19:00,2023-10-28 01:19:00,date_night,,"['social', 'relationship']",Date Night,,Going on a date night.,0 days 01:00:00,['Mara'],scheduled
2023-10-28 05:00:00,2023-10-28 06:00:00,talking_with_mom,,"['phone call', 'social']",Talking with Mom,,Phone call with mom.,0 days 01:00:00,['Mom'],unscheduled
2023-10-28 05:30:00,2023-10-28 06:30:00,dinner,,,dinner,,,0 days 01:00:00,,meals
2023-10-28 10:00:00,2023-10-28 11:00:00,talking_with_girlfriend,,"['phone call', 'social']",Talking with Girlfriend,,Phone call with girlfriend.,0 days 01:00:00,['Mara'],unscheduled
2023-10-28 12:00:00,2023-10-28 13:00:00,lunch,,,lunch,,,0 days 01:00:00,,meals
2023-10-28 14:00:00,2023-10-28 15:00:00,headache,,"['discomfort', 'head', 'health']",headache,,"Mild headache on the left side of the head.
",0 days 01:00:00,,sensations
2023-10-28 23:00:00,2023-10-29 00:00:00,playing_videogames,,"['relaxation', 'personal time']",playing videogames,Apartment,Helps to destress at the end of the day.,0 days 01:00:00,,unscheduled
2023-10-29 00:00:00,2023-10-30 00:00:00,energy,3.0,,energy,,,1 days 00:00:00,,scores
2023-10-29 00:00:00,2023-10-29 07:00:00,sleep,,,sleep,,,0 days 07:00:00,,sleep
2023-10-29 00:00:00,2023-10-30 00:00:00,stress,6.0,,stress,,,1 days 00:00:00,,scores
2023-10-29 00:00:00,2023-10-30 00:00:00,mood,7.0,,mood,,,1 days 00:00:00,,scores
2023-10-29 00:19:00,2023-10-29 01:19:00,date_night,,"['social', 'relationship']",Date Night,,Going on a date night.,0 days 01:00:00,['Mara'],scheduled
2023-10-29 05:30:00,2023-10-29 06:30:00,dinner,,,dinner,,,0 days 01:00:00,,meals
2023-10-29 12:00:00,2023-10-29 13:00:00,lunch,,,lunch,,,0 days 01:00:00,,meals
2023-10-29 14:00:00,2023-10-29 15:00:00,headache,,"['discomfort', 'head', 'health']",headache,,"Mild headache on the left side of the head.
",0 days 01:00:00,,sensations
2023-10-29 14:00:00,2023-10-29 15:00:00,stomach_ache,,"['discomfort', 'stomach', 'health']",stomach ache,,"Mild stomach ache.
",0 days 01:00:00,,sensations
2023-10-29 23:00:00,2023-10-30 00:00:00,reading,,"['relaxation', 'personal time']",Reading,Apartment,Helps to destress at the end of the day.,0 days 01:00:00,,unscheduled
2023-10-30 00:00:00,2023-10-31 00:00:00,energy,6.0,,energy,,,1 days 00:00:00,,scores
2023-10-30 00:00:00,2023-10-31 00:00:00,stress,7.0,,stress,,,1 days 00:00:00,,scores
2023-10-30 00:00:00,2023-10-30 07:00:00,sleep,,,sleep,,,0 days 07:00:00,,sleep
2023-10-30 00:00:00,2023-10-31 00:00:00,mood,7.0,,mood,,,1 days 00:00:00,,scores
2023-10-30 00:16:00,2023-10-30 01:16:00,going_for_a_walk,,"['nature', 'exercise']",Going for a Walk,Duke Gardens,Going for a walk at Duke Gardens.,0 days 01:00:00,,unscheduled
2023-10-30 05:30:00,2023-10-30 06:30:00,dinner,,,dinner,,,0 days 01:00:00,,meals
2023-10-30 08:00:00,2023-10-30 09:00:00,breakfast,,,breakfast,,,0 days 01:00:00,,meals
2023-10-30 10:00:00,2023-10-30 11:00:00,talking_with_girlfriend,,"['phone call', 'social']",Talking with Girlfriend,,Phone call with girlfriend.,0 days 01:00:00,['Mara'],unscheduled
2023-10-30 10:00:00,2023-10-30 11:00:00,headache,,"['discomfort', 'head', 'health']",headache,,"Mild headache on the left side of the head.
",0 days 01:00:00,,sensations
2023-10-30 12:00:00,2023-10-30 13:00:00,lunch,,,lunch,,,0 days 01:00:00,,meals
2023-10-30 18:00:00,2023-10-30 19:00:00,basketball_practice,,"['basketball team', 'exercise']",Basketball Practice,The K Center,Practice for the Duke basketball team.,0 days 01:00:00,,scheduled
2023-10-30 18:10:00,2023-10-30 19:10:00,shoulder_pain,,"['discomfort', 'shoulder', 'arm', 'health']",shoulder pain,,"Len feels pain on the outer part of the elbow,  especially when twisting or extending his arm.
",0 days 01:00:00,,sensations
2023-10-31 00:00:00,2023-10-31 08:00:00,sleep,,,sleep,,,0 days 08:00:00,,sleep
2023-10-31 00:00:00,2023-11-01 00:00:00,energy,6.0,,energy,,,1 days 00:00:00,,scores
2023-10-31 00:00:00,2023-11-01 00:00:00,mood,6.0,,mood,,,1 days 00:00:00,,scores
2023-10-31 00:00:00,2023-11-01 00:00:00,stress,6.0,,stress,,,1 days 00:00:00,,scores
2023-10-31 05:30:00,2023-10-31 06:30:00,dinner,,,dinner,,,0 days 01:00:00,,meals
2023-10-31 12:00:00,2023-10-31 13:00:00,lunch,,,lunch,,,0 days 01:00:00,,meals
2023-10-31 14:00:00,2023-10-31 15:00:00,headache,,"['discomfort', 'head', 'health']",headache,,"Mild headache on the left side of the head.
",0 days 01:00:00,,sensations
2023-10-31 18:00:00,2023-10-31 19:00:00,basketball_practice,,"['basketball team', 'exercise']",Basketball Practice,The K Center,Practice for the Duke basketball team.,0 days 01:00:00,,scheduled
2023-10-31 18:10:00,2023-10-31 19:10:00,shoulder_pain,,"['discomfort', 'shoulder', 'arm', 'health']",shoulder pain,,"Len feels pain on the outer part of the elbow,  especially when twisting or extending his arm.
",0 days 01:00:00,,sensations
2023-10-31 23:00:00,2023-11-01 00:00:00,playing_videogames,,"['relaxation', 'personal time']",playing videogames,Apartment,Helps to destress at the end of the day.,0 days 01:00:00,,unscheduled
2023-11-01 00:00:00,2023-11-02 00:00:00,energy,4.0,,energy,,,1 days 00:00:00,,scores
2023-11-01 00:00:00,2023-11-01 05:00:00,sleep,,,sleep,,,0 days 05:00:00,,sleep
2023-11-01 00:00:00,2023-11-02 00:00:00,stress,8.0,,stress,,,1 days 00:00:00,,scores
2023-11-01 00:00:00,2023-11-02 00:00:00,mood,6.0,,mood,,,1 days 00:00:00,,scores
2023-11-01 00:16:00,2023-11-01 01:16:00,going_for_a_walk,,"['nature', 'exercise']",Going for a Walk,Duke Gardens,Going for a walk at Duke Gardens.,0 days 01:00:00,,unscheduled
2023-11-01 05:30:00,2023-11-01 06:30:00,dinner,,,dinner,,,0 days 01:00:00,,meals
2023-11-01 12:00:00,2023-11-01 13:00:00,lunch,,,lunch,,,0 days 01:00:00,,meals
2023-11-01 14:00:00,2023-11-01 15:00:00,headache,,"['discomfort', 'head', 'health']",headache,,"Mild headache on the left side of the head.
",0 days 01:00:00,,sensations
2023-11-01 14:00:00,2023-11-01 15:00:00,stomach_ache,,"['discomfort', 'stomach', 'health']",stomach ache,,"Mild stomach ache.
",0 days 01:00:00,,sensations
2023-11-01 18:00:00,2023-11-01 19:00:00,basketball_practice,,"['basketball team', 'exercise']",Basketball Practice,The K Center,Practice for the Duke basketball team.,0 days 01:00:00,,scheduled
2023-11-01 18:10:00,2023-11-01 19:10:00,shoulder_pain,,"['discomfort', 'shoulder', 'arm', 'health']",shoulder pain,,"Len feels pain on the outer part of the elbow,  especially when twisting or extending his arm.
",0 days 01:00:00,,sensations
2023-11-01 23:00:00,2023-11-02 00:00:00,playing_videogames,,"['relaxation', 'personal time']",playing videogames,Apartment,Helps to destress at the end of the day.,0 days 01:00:00,,unscheduled
2023-11-02 00:00:00,2023-11-03 00:00:00,stress,6.0,,stress,,,1 days 00:00:00,,scores
2023-11-02 00:00:00,2023-11-03 00:00:00,energy,6.0,,energy,,,1 days 00:00:00,,scores
2023-11-02 00:00:00,2023-11-03 00:00:00,mood,5.0,,mood,,,1 days 00:00:00,,scores
2023-11-02 00:00:00,2023-11-02 07:00:00,sleep,,,sleep,,,0 days 07:00:00,,sleep
2023-11-02 05:30:00,2023-11-02 06:30:00,dinner,,,dinner,,,0 days 01:00:00,,meals
2023-11-02 08:00:00,2023-11-02 09:00:00,breakfast,,,breakfast,,,0 days 01:00:00,,meals
2023-11-02 10:00:00,2023-11-02 11:00:00,headache,,"['discomfort', 'head', 'health']",headache,,"Mild headache on the left side of the head.
",0 days 01:00:00,,sensations
2023-11-02 10:00:00,2023-11-02 11:00:00,talking_with_girlfriend,,"['phone call', 'social']",Talking with Girlfriend,,Phone call with girlfriend.,0 days 01:00:00,['Mara'],unscheduled
2023-11-02 12:00:00,2023-11-02 13:00:00,lunch,,,lunch,,,0 days 01:00:00,,meals
2023-11-02 18:00:00,2023-11-02 19:00:00,basketball_practice,,"['basketball team', 'exercise']",Basketball Practice,The K Center,Practice for the Duke basketball team.,0 days 01:00:00,,scheduled
2023-11-02 18:10:00,2023-11-02 19:10:00,shoulder_pain,,"['discomfort', 'shoulder', 'arm', 'health']",shoulder pain,,"Len feels pain on the outer part of the elbow,  especially when twisting or extending his arm.
",0 days 01:00:00,,sensations
2023-11-03 00:00:00,2023-11-04 00:00:00,mood,8.0,,mood,,,1 days 00:00:00,,scores
2023-11-03 00:00:00,2023-11-04 00:00:00,stress,6.0,,stress,,,1 days 00:00:00,,scores
2023-11-03 00:00:00,2023-11-04 00:00:00,energy,6.0,,energy,,,1 days 00:00:00,,scores
2023-11-03 00:00:00,2023-11-03 07:00:00,sleep,,,sleep,,,0 days 07:00:00,,sleep
2023-11-03 00:20:00,2023-11-03 01:20:00,party,,['social'],Party,,Going to a party with friends.,0 days 01:00:00,"['Ron', 'Tyrese', 'Mara']",scheduled
2023-11-03 05:00:00,2023-11-03 06:00:00,talking_with_mom,,"['phone call', 'social']",Talking with Mom,,Phone call with mom.,0 days 01:00:00,['Mom'],unscheduled
2023-11-03 05:30:00,2023-11-03 06:30:00,dinner,,,dinner,,,0 days 01:00:00,,meals
2023-11-03 12:00:00,2023-11-03 13:00:00,lunch,,,lunch,,,0 days 01:00:00,,meals
2023-11-03 14:00:00,2023-11-03 15:00:00,headache,,"['discomfort', 'head', 'health']",headache,,"Mild headache on the left side of the head.
",0 days 01:00:00,,sensations
2023-11-03 18:00:00,2023-11-03 19:00:00,weightlifting,,['exercise'],Weightlifting,The K Center,Weightlifting.,0 days 01:00:00,['Tyrese'],scheduled
2023-11-03 23:00:00,2023-11-04 00:00:00,playing_videogames,,"['relaxation', 'personal time']",playing videogames,Apartment,Helps to destress at the end of the day.,0 days 01:00:00,,unscheduled
2023-11-04 00:00:00,2023-11-05 00:00:00,stress,7.0,,stress,,,1 days 00:00:00,,scores
2023-11-04 00:00:00,2023-11-05 00:00:00,energy,6.0,,energy,,,1 days 00:00:00,,scores
2023-11-04 00:00:00,2023-11-05 00:00:00,mood,6.0,,mood,,,1 days 00:00:00,,scores
2023-11-04 00:00:00,2023-11-04 05:00:00,sleep,,,sleep,,,0 days 05:00:00,,sleep
2023-11-04 00:19:00,2023-11-04 01:19:00,date_night,,"['social', 'relationship']",Date Night,,Going on a date night.,0 days 01:00:00,['Mara'],scheduled
2023-11-04 05:00:00,2023-11-04 06:00:00,talking_with_mom,,"['phone call', 'social']",Talking with Mom,,Phone call with mom.,0 days 01:00:00,['Mom'],unscheduled
2023-11-04 05:30:00,2023-11-04 06:30:00,dinner,,,dinner,,,0 days 01:00:00,,meals
2023-11-04 12:00:00,2023-11-04 13:00:00,lunch,,,lunch,,,0 days 01:00:00,,meals
2023-11-04 14:00:00,2023-11-04 15:00:00,headache,,"['discomfort', 'head', 'health']",headache,,"Mild headache on the left side of the head.
",0 days 01:00:00,,sensations
2023-11-05 00:00:00,2023-11-06 00:00:00,mood,7.0,,mood,,,1 days 00:00:00,,scores
2023-11-05 00:00:00,2023-11-06 00:00:00,stress,6.0,,stress,,,1 days 00:00:00,,scores
2023-11-05 00:00:00,2023-11-06 00:00:00,energy,6.0,,energy,,,1 days 00:00:00,,scores
2023-11-05 00:00:00,2023-11-05 08:00:00,sleep,,,sleep,,,0 days 08:00:00,,sleep
2023-11-05 00:19:00,2023-11-05 01:19:00,movie_night,,"['movies', 'friendship']",Movie Night,,Movie night with friends.,0 days 01:00:00,"['Ron', 'Mara']",scheduled
2023-11-05 05:30:00,2023-11-05 06:30:00,dinner,,,dinner,,,0 days 01:00:00,,meals
2023-11-05 10:00:00,2023-11-05 11:00:00,talking_with_girlfriend,,"['phone call', 'social']",Talking with Girlfriend,,Phone call with girlfriend.,0 days 01:00:00,['Mara'],unscheduled
2023-11-05 12:00:00,2023-11-05 13:00:00,lunch,,,lunch,,,0 days 01:00:00,,meals
2023-11-05 14:00:00,2023-11-05 15:00:00,headache,,"['discomfort', 'head', 'health']",headache,,"Mild headache on the left side of the head.
",0 days 01:00:00,,sensations
2023-11-05 23:00:00,2023-11-06 00:00:00,reading,,"['relaxation', 'personal time']",Reading,Apartment,Helps to destress at the end of the day.,0 days 01:00:00,,unscheduled
2023-11-06 00:00:00,2023-11-07 00:00:00,stress,6.0,,stress,,,1 days 00:00:00,,scores
2023-11-06 00:00:00,2023-11-07 00:00:00,energy,3.0,,energy,,,1 days 00:00:00,,scores
2023-11-06 00:00:00,2023-11-07 00:00:00,mood,7.0,,mood,,,1 days 00:00:00,,scores
2023-11-06 00:00:00,2023-11-06 07:00:00,sleep,,,sleep,,,0 days 07:00:00,,sleep
2023-11-06 05:30:00,2023-11-06 06:30:00,dinner,,,dinner,,,0 days 01:00:00,,meals
2023-11-06 12:00:00,2023-11-06 13:00:00,lunch,,,lunch,,,0 days 01:00:00,,meals
2023-11-06 14:00:00,2023-11-06 15:00:00,headache,,"['discomfort', 'head', 'health']",headache,,"Mild headache on the left side of the head.
",0 days 01:00:00,,sensations
2023-11-06 14:00:00,2023-11-06 15:00:00,stomach_ache,,"['discomfort', 'stomach', 'health']",stomach ache,,"Mild stomach ache.
",0 days 01:00:00,,sensations
2023-11-06 18:00:00,2023-11-06 19:00:00,weightlifting,,['exercise'],Weightlifting,The K Center,Weightlifting.,0 days 01:00:00,['Tyrese'],scheduled
2023-11-06 23:00:00,2023-11-07 00:00:00,reading,,"['relaxation', 'personal time']",Reading,Apartment,Helps to destress at the end of the day.,0 days 01:00:00,,unscheduled
2023-11-07 00:00:00,2023-11-08 00:00:00,mood,5.0,,mood,,,1 days 00:00:00,,scores
2023-11-07 00:00:00,2023-11-08 00:00:00,stress,6.0,,stress,,,1 days 00:00:00,,scores
2023-11-07 00:00:00,2023-11-08 00:00:00,energy,6.0,,energy,,,1 days 00:00:00,,scores
2023-11-07 00:00:00,2023-11-07 05:00:00,sleep,,,sleep,,,0 days 05:00:00,,sleep
2023-11-07 05:30:00,2023-11-07 06:30:00,dinner,,,dinner,,,0 days 01:00:00,,meals
2023-11-07 08:00:00,2023-11-07 09:00:00,breakfast,,,breakfast,,,0 days 01:00:00,,meals
2023-11-07 10:00:00,2023-11-07 11:00:00,headache,,"['discomfort', 'head', 'health']",headache,,"Mild headache on the left side of the head.
",0 days 01:00:00,,sensations
2023-11-07 12:00:00,2023-11-07 13:00:00,lunch,,,lunch,,,0 days 01:00:00,,meals
2023-11-07 18:00:00,2023-11-07 19:00:00,basketball_practice,,"['basketball team', 'exercise']",Basketball Practice,The K Center,Practice for the Duke basketball team.,0 days 01:00:00,,scheduled
2023-11-07 18:10:00,2023-11-07 19:10:00,shoulder_pain,,"['discomfort', 'shoulder', 'arm', 'health']",shoulder pain,,"Len feels pain on the outer part of the elbow,  especially when twisting or extending his arm.
",0 days 01:00:00,,sensations
2023-11-07 23:00:00,2023-11-08 00:00:00,playing_videogames,,"['relaxation', 'personal time']",playing videogames,Apartment,Helps to destress at the end of the day.,0 days 01:00:00,,unscheduled
2023-11-08 00:00:00,2023-11-09 00:00:00,stress,8.0,,stress,,,1 days 00:00:00,,scores
2023-11-08 00:00:00,2023-11-08 08:00:00,sleep,,,sleep,,,0 days 08:00:00,,sleep
2023-11-08 00:00:00,2023-11-09 00:00:00,mood,9.0,,mood,,,1 days 00:00:00,,scores
2023-11-08 00:00:00,2023-11-09 00:00:00,energy,6.0,,energy,,,1 days 00:00:00,,scores
2023-11-08 00:16:00,2023-11-08 01:16:00,going_for_a_walk,,"['nature', 'exercise']",Going for a Walk,Duke Gardens,Going for a walk at Duke Gardens.,0 days 01:00:00,,unscheduled
2023-11-08 05:30:00,2023-11-08 06:30:00,dinner,,,dinner,,,0 days 01:00:00,,meals
2023-11-08 12:00:00,2023-11-08 13:00:00,lunch,,,lunch,,,0 days 01:00:00,,meals
2023-11-08 18:00:00,2023-11-08 19:00:00,basketball_practice,,"['basketball team', 'exercise']",Basketball Practice,The K Center,Practice for the Duke basketball team.,0 days 01:00:00,,scheduled
2023-11-08 23:00:00,2023-11-09 00:00:00,playing_videogames,,"['relaxation', 'personal time']",playing videogames,Apartment,Helps to destress at the end of the day.,0 days 01:00:00,,unscheduled
2023-11-09 00:00:00,2023-11-10 00:00:00,energy,6.0,,energy,,,1 days 00:00:00,,scores
2023-11-09 00:00:00,2023-11-10 00:00:00,mood,7.0,,mood,,,1 days 00:00:00,,scores
2023-11-09 00:00:00,2023-11-09 08:00:00,sleep,,,sleep,,,0 days 08:00:00,,sleep
2023-11-09 00:00:00,2023-11-10 00:00:00,stress,6.0,,stress,,,1 days 00:00:00,,scores
2023-11-09 05:30:00,2023-11-09 06:30:00,dinner,,,dinner,,,0 days 01:00:00,,meals
2023-11-09 08:00:00,2023-11-09 09:00:00,breakfast,,,breakfast,,,0 days 01:00:00,,meals
2023-11-09 12:00:00,2023-11-09 13:00:00,lunch,,,lunch,,,0 days 01:00:00,,meals
2023-11-09 18:00:00,2023-11-09 19:00:00,basketball_practice,,"['basketball team', 'exercise']",Basketball Practice,The K Center,Practice for the Duke basketball team.,0 days 01:00:00,,scheduled
2023-11-09 18:10:00,2023-11-09 19:10:00,shoulder_pain,,"['discomfort', 'shoulder', 'arm', 'health']",shoulder pain,,"Len feels pain on the outer part of the elbow,  especially when twisting or extending his arm.
",0 days 01:00:00,,sensations
2023-11-09 23:00:00,2023-11-10 00:00:00,playing_videogames,,"['relaxation', 'personal time']",playing videogames,Apartment,Helps to destress at the end of the day.,0 days 01:00:00,,unscheduled
2023-11-10 00:00:00,2023-11-11 00:00:00,stress,6.0,,stress,,,1 days 00:00:00,,scores
2023-11-10 00:00:00,2023-11-11 00:00:00,energy,4.0,,energy,,,1 days 00:00:00,,scores
2023-11-10 00:00:00,2023-11-11 00:00:00,mood,7.0,,mood,,,1 days 00:00:00,,scores
2023-11-10 00:00:00,2023-11-10 08:00:00,sleep,,,sleep,,,0 days 08:00:00,,sleep
2023-11-10 00:20:00,2023-11-10 01:20:00,party,,['social'],Party,,Going to a party with friends.,0 days 01:00:00,"['Ron', 'Tyrese', 'Mara']",scheduled
2023-11-10 05:30:00,2023-11-10 06:30:00,dinner,,,dinner,,,0 days 01:00:00,,meals
2023-11-10 12:00:00,2023-11-10 13:00:00,lunch,,,lunch,,,0 days 01:00:00,,meals
2023-11-10 14:00:00,2023-11-10 15:00:00,headache,,"['discomfort', 'head', 'health']",headache,,"Mild headache on the left side of the head.
",0 days 01:00:00,,sensations
2023-11-10 14:00:00,2023-11-10 15:00:00,stomach_ache,,"['discomfort', 'stomach', 'health']",stomach ache,,"Mild stomach ache.
",0 days 01:00:00,,sensations
2023-11-10 18:00:00,2023-11-10 19:00:00,weightlifting,,['exercise'],Weightlifting,The K Center,Weightlifting.,0 days 01:00:00,['Tyrese'],scheduled
2023-11-10 23:00:00,2023-11-11 00:00:00,playing_videogames,,"['relaxation', 'personal time']",playing videogames,Apartment,Helps to destress at the end of the day.,0 days 01:00:00,,unscheduled
2023-11-11 00:00:00,2023-11-12 00:00:00,stress,6.0,,stress,,,1 days 00:00:00,,scores
2023-11-11 00:00:00,2023-11-12 00:00:00,energy,3.0,,energy,,,1 days 00:00:00,,scores
2023-11-11 00:00:00,2023-11-12 00:00:00,mood,6.0,,mood,,,1 days 00:00:00,,scores
2023-11-11 00:00:00,2023-11-11 07:00:00,sleep,,,sleep,,,0 days 07:00:00,,sleep
2023-11-11 05:30:00,2023-11-11 06:30:00,dinner,,,dinner,,,0 days 01:00:00,,meals
2023-11-11 08:00:00,2023-11-11 09:00:00,breakfast,,,breakfast,,,0 days 01:00:00,,meals
2023-11-11 10:00:00,2023-11-11 11:00:00,headache,,"['discomfort', 'head', 'health']",headache,,"Mild headache on the left side of the head.
",0 days 01:00:00,,sensations
2023-11-11 10:00:00,2023-11-11 11:00:00,talking_with_girlfriend,,"['phone call', 'social']",Talking with Girlfriend,,Phone call with girlfriend.,0 days 01:00:00,['Mara'],unscheduled
2023-11-11 12:00:00,2023-11-11 13:00:00,lunch,,,lunch,,,0 days 01:00:00,,meals
2023-11-11 14:00:00,2023-11-11 15:00:00,stomach_ache,,"['discomfort', 'stomach', 'health']",stomach ache,,"Mild stomach ache.
",0 days 01:00:00,,sensations
2023-11-11 23:00:00,2023-11-12 00:00:00,playing_videogames,,"['relaxation', 'personal time']",playing videogames,Apartment,Helps to destress at the end of the day.,0 days 01:00:00,,unscheduled
2023-11-12 00:00:00,2023-11-13 00:00:00,stress,9.0,,stress,,,1 days 00:00:00,,scores
2023-11-12 00:00:00,2023-11-13 00:00:00,energy,6.0,,energy,,,1 days 00:00:00,,scores
2023-11-12 00:00:00,2023-11-13 00:00:00,mood,7.0,,mood,,,1 days 00:00:00,,scores
2023-11-12 00:00:00,2023-11-12 08:00:00,sleep,,,sleep,,,0 days 08:00:00,,sleep
2023-11-12 00:16:00,2023-11-12 01:16:00,going_for_a_walk,,"['nature', 'exercise']",Going for a Walk,Duke Gardens,Going for a walk at Duke Gardens.,0 days 01:00:00,,unscheduled
2023-11-12 05:30:00,2023-11-12 06:30:00,dinner,,,dinner,,,0 days 01:00:00,,meals
2023-11-12 08:00:00,2023-11-12 09:00:00,breakfast,,,breakfast,,,0 days 01:00:00,,meals
2023-11-12 09:00:00,2023-11-12 10:00:00,hiking,,"['nature', 'exercise']",hiking,Eno River State Park,Improves mood.,0 days 01:00:00,,unscheduled
2023-11-12 10:00:00,2023-11-12 11:00:00,headache,,"['discomfort', 'head', 'health']",headache,,"Mild headache on the left side of the head.
",0 days 01:00:00,,sensations
2023-11-12 12:00:00,2023-11-12 13:00:00,lunch,,,lunch,,,0 days 01:00:00,,meals
2023-11-13 00:00:00,2023-11-14 00:00:00,stress,3.0,,stress,,,1 days 00:00:00,,scores
2023-11-13 00:00:00,2023-11-14 00:00:00,energy,6.0,,energy,,,1 days 00:00:00,,scores
2023-11-13 00:00:00,2023-11-14 00:00:00,mood,9.0,,mood,,,1 days 00:00:00,,scores
2023-11-13 00:00:00,2023-11-13 07:00:00,sleep,,,sleep,,,0 days 07:00:00,,sleep
2023-11-13 00:16:00,2023-11-13 01:16:00,going_for_a_walk,,"['nature', 'exercise']",Going for a Walk,Duke Gardens,Going for a walk at Duke Gardens.,0 days 01:00:00,,unscheduled
2023-11-13 05:00:00,2023-11-13 06:00:00,talking_with_mom,,"['phone call', 'social']",Talking with Mom,,Phone call with mom.,0 days 01:00:00,['Mom'],unscheduled
2023-11-13 05:30:00,2023-11-13 06:30:00,dinner,,,dinner,,,0 days 01:00:00,,meals
2023-11-13 10:00:00,2023-11-13 11:00:00,talking_with_girlfriend,,"['phone call', 'social']",Talking with Girlfriend,,Phone call with girlfriend.,0 days 01:00:00,['Mara'],unscheduled
2023-11-13 12:00:00,2023-11-13 13:00:00,lunch,,,lunch,,,0 days 01:00:00,,meals
2023-11-13 18:00:00,2023-11-13 19:00:00,basketball_practice,,"['basketball team', 'exercise']",Basketball Practice,The K Center,Practice for the Duke basketball team.,0 days 01:00:00,,scheduled
2023-11-13 18:10:00,2023-11-13 19:10:00,shoulder_pain,,"['discomfort', 'shoulder', 'arm', 'health']",shoulder pain,,"Len feels pain on the outer part of the elbow,  especially when twisting or extending his arm.
",0 days 01:00:00,,sensations
2023-11-13 23:00:00,2023-11-14 00:00:00,playing_videogames,,"['relaxation', 'personal time']",playing videogames,Apartment,Helps to destress at the end of the day.,0 days 01:00:00,,unscheduled
2023-11-14 00:00:00,2023-11-15 00:00:00,stress,6.0,,stress,,,1 days 00:00:00,,scores
2023-11-14 00:00:00,2023-11-15 00:00:00,energy,6.0,,energy,,,1 days 00:00:00,,scores
2023-11-14 00:00:00,2023-11-15 00:00:00,mood,6.0,,mood,,,1 days 00:00:00,,scores
2023-11-14 00:00:00,2023-11-14 07:00:00,sleep,,,sleep,,,0 days 07:00:00,,sleep
2023-11-14 05:30:00,2023-11-14 06:30:00,dinner,,,dinner,,,0 days 01:00:00,,meals
2023-11-14 12:00:00,2023-11-14 13:00:00,lunch,,,lunch,,,0 days 01:00:00,,meals
2023-11-14 14:00:00,2023-11-14 15:00:00,headache,,"['discomfort', 'head', 'health']",headache,,"Mild headache on the left side of the head.
",0 days 01:00:00,,sensations
2023-11-14 18:00:00,2023-11-14 19:00:00,basketball_practice,,"['basketball team', 'exercise']",Basketball Practice,The K Center,Practice for the Duke basketball team.,0 days 01:00:00,,scheduled
2023-11-14 23:00:00,2023-11-15 00:00:00,playing_videogames,,"['relaxation', 'personal time']",playing videogames,Apartment,Helps to destress at the end of the day.,0 days 01:00:00,,unscheduled
2023-11-15 00:00:00,2023-11-16 00:00:00,stress,6.0,,stress,,,1 days 00:00:00,,scores
2023-11-15 00:00:00,2023-11-16 00:00:00,energy,6.0,,energy,,,1 days 00:00:00,,scores
2023-11-15 00:00:00,2023-11-15 06:00:00,sleep,,,sleep,,,0 days 06:00:00,,sleep
2023-11-15 00:00:00,2023-11-16 00:00:00,mood,5.0,,mood,,,1 days 00:00:00,,scores
2023-11-15 05:30:00,2023-11-15 06:30:00,dinner,,,dinner,,,0 days 01:00:00,,meals
2023-11-15 10:00:00,2023-11-15 11:00:00,talking_with_girlfriend,,"['phone call', 'social']",Talking with Girlfriend,,Phone call with girlfriend.,0 days 01:00:00,['Mara'],unscheduled
2023-11-15 12:00:00,2023-11-15 13:00:00,lunch,,,lunch,,,0 days 01:00:00,,meals
2023-11-15 14:00:00,2023-11-15 15:00:00,headache,,"['discomfort', 'head', 'health']",headache,,"Mild headache on the left side of the head.
",0 days 01:00:00,,sensations
2023-11-15 18:00:00,2023-11-15 19:00:00,weightlifting,,['exercise'],Weightlifting,The K Center,Weightlifting.,0 days 01:00:00,['Tyrese'],scheduled
2023-11-15 23:00:00,2023-11-16 00:00:00,reading,,"['relaxation', 'personal time']",Reading,Apartment,Helps to destress at the end of the day.,0 days 01:00:00,,unscheduled
2023-11-16 00:00:00,2023-11-17 00:00:00,stress,7.0,,stress,,,1 days 00:00:00,,scores
2023-11-16 00:00:00,2023-11-17 00:00:00,energy,4.0,,energy,,,1 days 00:00:00,,scores
2023-11-16 00:00:00,2023-11-17 00:00:00,mood,7.0,,mood,,,1 days 00:00:00,,scores
2023-11-16 00:00:00,2023-11-16 05:00:00,sleep,,,sleep,,,0 days 05:00:00,,sleep
2023-11-16 00:16:00,2023-11-16 01:16:00,going_for_a_walk,,"['nature', 'exercise']",Going for a Walk,Duke Gardens,Going for a walk at Duke Gardens.,0 days 01:00:00,,unscheduled
2023-11-16 05:30:00,2023-11-16 06:30:00,dinner,,,dinner,,,0 days 01:00:00,,meals
2023-11-16 08:00:00,2023-11-16 09:00:00,breakfast,,,breakfast,,,0 days 01:00:00,,meals
2023-11-16 10:00:00,2023-11-16 11:00:00,headache,,"['discomfort', 'head', 'health']",headache,,"Mild headache on the left side of the head.
",0 days 01:00:00,,sensations
2023-11-16 12:00:00,2023-11-16 13:00:00,lunch,,,lunch,,,0 days 01:00:00,,meals
2023-11-16 14:00:00,2023-11-16 15:00:00,stomach_ache,,"['discomfort', 'stomach', 'health']",stomach ache,,"Mild stomach ache.
",0 days 01:00:00,,sensations
2023-11-16 18:00:00,2023-11-16 19:00:00,basketball_practice,,"['basketball team', 'exercise']",Basketball Practice,The K Center,Practice for the Duke basketball team.,0 days 01:00:00,,scheduled
2023-11-16 18:10:00,2023-11-16 19:10:00,shoulder_pain,,"['discomfort', 'shoulder', 'arm', 'health']",shoulder pain,,"Len feels pain on the outer part of the elbow,  especially when twisting or extending his arm.
",0 days 01:00:00,,sensations
2023-11-16 23:00:00,2023-11-17 00:00:00,playing_videogames,,"['relaxation', 'personal time']",playing videogames,Apartment,Helps to destress at the end of the day.,0 days 01:00:00,,unscheduled
2023-11-17 00:00:00,2023-11-18 00:00:00,energy,6.0,,energy,,,1 days 00:00:00,,scores
2023-11-17 00:00:00,2023-11-18 00:00:00,stress,6.0,,stress,,,1 days 00:00:00,,scores
2023-11-17 00:00:00,2023-11-17 06:00:00,sleep,,,sleep,,,0 days 06:00:00,,sleep
2023-11-17 00:00:00,2023-11-18 00:00:00,mood,2.0,,mood,,,1 days 00:00:00,,scores
2023-11-17 00:20:00,2023-11-17 01:20:00,party,,['social'],Party,,Going to a party with friends.,0 days 01:00:00,"['Ron', 'Tyrese', 'Mara']",scheduled
2023-11-17 05:30:00,2023-11-17 06:30:00,dinner,,,dinner,,,0 days 01:00:00,,meals
2023-11-17 12:00:00,2023-11-17 13:00:00,lunch,,,lunch,,,0 days 01:00:00,,meals
2023-11-17 14:00:00,2023-11-17 15:00:00,headache,,"['discomfort', 'head', 'health']",headache,,"Mild headache on the left side of the head.
",0 days 01:00:00,,sensations
2023-11-17 18:00:00,2023-11-17 19:00:00,weightlifting,,['exercise'],Weightlifting,The K Center,Weightlifting.,0 days 01:00:00,['Tyrese'],scheduled
2023-11-18 00:00:00,2023-11-19 00:00:00,stress,8.0,,stress,,,1 days 00:00:00,,scores
2023-11-18 00:00:00,2023-11-19 00:00:00,mood,6.0,,mood,,,1 days 00:00:00,,scores
2023-11-18 00:00:00,2023-11-18 05:00:00,sleep,,,sleep,,,0 days 05:00:00,,sleep
2023-11-18 00:00:00,2023-11-19 00:00:00,energy,6.0,,energy,,,1 days 00:00:00,,scores
2023-11-18 00:16:00,2023-11-18 01:16:00,going_for_a_walk,,"['nature', 'exercise']",Going for a Walk,Duke Gardens,Going for a walk at Duke Gardens.,0 days 01:00:00,,unscheduled
2023-11-18 05:30:00,2023-11-18 06:30:00,dinner,,,dinner,,,0 days 01:00:00,,meals
2023-11-18 12:00:00,2023-11-18 13:00:00,lunch,,,lunch,,,0 days 01:00:00,,meals
2023-11-18 14:00:00,2023-11-18 15:00:00,headache,,"['discomfort', 'head', 'health']",headache,,"Mild headache on the left side of the head.
",0 days 01:00:00,,sensations
2023-11-18 23:00:00,2023-11-19 00:00:00,playing_videogames,,"['relaxation', 'personal time']",playing videogames,Apartment,Helps to destress at the end of the day.,0 days 01:00:00,,unscheduled
2023-11-19 00:00:00,2023-11-20 00:00:00,stress,6.0,,stress,,,1 days 00:00:00,,scores
2023-11-19 00:00:00,2023-11-20 00:00:00,energy,6.0,,energy,,,1 days 00:00:00,,scores
2023-11-19 00:00:00,2023-11-19 06:00:00,sleep,,,sleep,,,0 days 06:00:00,,sleep
2023-11-19 00:00:00,2023-11-20 00:00:00,mood,5.0,,mood,,,1 days 00:00:00,,scores
2023-11-19 05:30:00,2023-11-19 06:30:00,dinner,,,dinner,,,0 days 01:00:00,,meals
2023-11-19 08:00:00,2023-11-19 09:00:00,breakfast,,,breakfast,,,0 days 01:00:00,,meals
2023-11-19 10:00:00,2023-11-19 11:00:00,headache,,"['discomfort', 'head', 'health']",headache,,"Mild headache on the left side of the head.
",0 days 01:00:00,,sensations
2023-11-19 12:00:00,2023-11-19 13:00:00,lunch,,,lunch,,,0 days 01:00:00,,meals
2023-11-19 23:00:00,2023-11-20 00:00:00,reading,,"['relaxation', 'personal time']",Reading,Apartment,Helps to destress at the end of the day.,0 days 01:00:00,,unscheduled
2023-11-20 00:00:00,2023-11-21 00:00:00,stress,6.0,,stress,,,1 days 00:00:00,,scores
2023-11-20 00:00:00,2023-11-21 00:00:00,energy,6.0,,energy,,,1 days 00:00:00,,scores
2023-11-20 00:00:00,2023-11-21 00:00:00,mood,6.0,,mood,,,1 days 00:00:00,,scores
2023-11-20 00:00:00,2023-11-20 05:00:00,sleep,,,sleep,,,0 days 05:00:00,,sleep
2023-11-20 05:30:00,2023-11-20 06:30:00,dinner,,,dinner,,,0 days 01:00:00,,meals
2023-11-20 08:00:00,2023-11-20 09:00:00,breakfast,,,breakfast,,,0 days 01:00:00,,meals
2023-11-20 10:00:00,2023-11-20 11:00:00,headache,,"['discomfort', 'head', 'health']",headache,,"Mild headache on the left side of the head.
",0 days 01:00:00,,sensations
2023-11-20 12:00:00,2023-11-20 13:00:00,lunch,,,lunch,,,0 days 01:00:00,,meals
2023-11-20 18:00:00,2023-11-20 19:00:00,weightlifting,,['exercise'],Weightlifting,The K Center,Weightlifting.,0 days 01:00:00,['Tyrese'],scheduled
2023-11-20 23:00:00,2023-11-21 00:00:00,reading,,"['relaxation', 'personal time']",Reading,Apartment,Helps to destress at the end of the day.,0 days 01:00:00,,unscheduled
2023-11-21 00:00:00,2023-11-22 00:00:00,stress,6.0,,stress,,,1 days 00:00:00,,scores
2023-11-21 00:00:00,2023-11-22 00:00:00,energy,3.0,,energy,,,1 days 00:00:00,,scores
2023-11-21 00:00:00,2023-11-21 08:00:00,sleep,,,sleep,,,0 days 08:00:00,,sleep
2023-11-21 00:00:00,2023-11-22 00:00:00,mood,7.0,,mood,,,1 days 00:00:00,,scores
2023-11-21 05:00:00,2023-11-21 06:00:00,talking_with_mom,,"['phone call', 'social']",Talking with Mom,,Phone call with mom.,0 days 01:00:00,['Mom'],unscheduled
2023-11-21 05:30:00,2023-11-21 06:30:00,dinner,,,dinner,,,0 days 01:00:00,,meals
2023-11-21 08:00:00,2023-11-21 09:00:00,breakfast,,,breakfast,,,0 days 01:00:00,,meals
2023-11-21 12:00:00,2023-11-21 13:00:00,lunch,,,lunch,,,0 days 01:00:00,,meals
2023-11-21 14:00:00,2023-11-21 15:00:00,stomach_ache,,"['discomfort', 'stomach', 'health']",stomach ache,,"Mild stomach ache.
",0 days 01:00:00,,sensations
2023-11-21 18:00:00,2023-11-21 19:00:00,basketball_practice,,"['basketball team', 'exercise']",Basketball Practice,The K Center,Practice for the Duke basketball team.,0 days 01:00:00,,scheduled
2023-11-21 18:10:00,2023-11-21 19:10:00,shoulder_pain,,"['discomfort', 'shoulder', 'arm', 'health']",shoulder pain,,"Len feels pain on the outer part of the elbow,  especially when twisting or extending his arm.
",0 days 01:00:00,,sensations
2023-11-21 23:00:00,2023-11-22 00:00:00,playing_videogames,,"['relaxation', 'personal time']",playing videogames,Apartment,Helps to destress at the end of the day.,0 days 01:00:00,,unscheduled
2023-11-22 00:00:00,2023-11-22 08:00:00,sleep,,,sleep,,,0 days 08:00:00,,sleep
2023-11-22 00:00:00,2023-11-23 00:00:00,energy,6.0,,energy,,,1 days 00:00:00,,scores
2023-11-22 00:00:00,2023-11-23 00:00:00,stress,3.0,,stress,,,1 days 00:00:00,,scores
2023-11-22 00:00:00,2023-11-23 00:00:00,mood,6.0,,mood,,,1 days 00:00:00,,scores
2023-11-22 00:16:00,2023-11-22 01:16:00,going_for_a_walk,,"['nature', 'exercise']",Going for a Walk,Duke Gardens,Going for a walk at Duke Gardens.,0 days 01:00:00,,unscheduled
2023-11-22 05:00:00,2023-11-22 06:00:00,talking_with_mom,,"['phone call', 'social']",Talking with Mom,,Phone call with mom.,0 days 01:00:00,['Mom'],unscheduled
2023-11-22 05:30:00,2023-11-22 06:30:00,dinner,,,dinner,,,0 days 01:00:00,,meals
2023-11-22 10:00:00,2023-11-22 11:00:00,talking_with_girlfriend,,"['phone call', 'social']",Talking with Girlfriend,,Phone call with girlfriend.,0 days 01:00:00,['Mara'],unscheduled
2023-11-22 12:00:00,2023-11-22 13:00:00,lunch,,,lunch,,,0 days 01:00:00,,meals
2023-11-22 14:00:00,2023-11-22 15:00:00,headache,,"['discomfort', 'head', 'health']",headache,,"Mild headache on the left side of the head.
",0 days 01:00:00,,sensations
2023-11-22 18:00:00,2023-11-22 19:00:00,basketball_practice,,"['basketball team', 'exercise']",Basketball Practice,The K Center,Practice for the Duke basketball team.,0 days 01:00:00,,scheduled
2023-11-22 18:10:00,2023-11-22 19:10:00,shoulder_pain,,"['discomfort', 'shoulder', 'arm', 'health']",shoulder pain,,"Len feels pain on the outer part of the elbow,  especially when twisting or extending his arm.
",0 days 01:00:00,,sensations
2023-11-22 23:00:00,2023-11-23 00:00:00,playing_videogames,,"['relaxation', 'personal time']",playing videogames,Apartment,Helps to destress at the end of the day.,0 days 01:00:00,,unscheduled
2023-11-23 00:00:00,2023-11-24 00:00:00,stress,7.0,,stress,,,1 days 00:00:00,,scores
2023-11-23 00:00:00,2023-11-24 00:00:00,energy,6.0,,energy,,,1 days 00:00:00,,scores
2023-11-23 00:00:00,2023-11-24 00:00:00,mood,9.0,,mood,,,1 days 00:00:00,,scores
2023-11-23 00:00:00,2023-11-23 06:00:00,sleep,,,sleep,,,0 days 06:00:00,,sleep
2023-11-23 00:16:00,2023-11-23 01:16:00,going_for_a_walk,,"['nature', 'exercise']",Going for a Walk,Duke Gardens,Going for a walk at Duke Gardens.,0 days 01:00:00,,unscheduled
2023-11-23 05:00:00,2023-11-23 06:00:00,talking_with_mom,,"['phone call', 'social']",Talking with Mom,,Phone call with mom.,0 days 01:00:00,['Mom'],unscheduled
2023-11-23 05:30:00,2023-11-23 06:30:00,dinner,,,dinner,,,0 days 01:00:00,,meals
2023-11-23 10:00:00,2023-11-23 11:00:00,talking_with_girlfriend,,"['phone call', 'social']",Talking with Girlfriend,,Phone call with girlfriend.,0 days 01:00:00,['Mara'],unscheduled
2023-11-23 12:00:00,2023-11-23 13:00:00,lunch,,,lunch,,,0 days 01:00:00,,meals
2023-11-23 18:00:00,2023-11-23 19:00:00,basketball_practice,,"['basketball team', 'exercise']",Basketball Practice,The K Center,Practice for the Duke basketball team.,0 days 01:00:00,,scheduled
2023-11-23 18:10:00,2023-11-23 19:10:00,shoulder_pain,,"['discomfort', 'shoulder', 'arm', 'health']",shoulder pain,,"Len feels pain on the outer part of the elbow,  especially when twisting or extending his arm.
",0 days 01:00:00,,sensations
2023-11-23 23:00:00,2023-11-24 00:00:00,reading,,"['relaxation', 'personal time']",Reading,Apartment,Helps to destress at the end of the day.,0 days 01:00:00,,unscheduled
2023-11-24 00:00:00,2023-11-25 00:00:00,energy,6.0,,energy,,,1 days 00:00:00,,scores
2023-11-24 00:00:00,2023-11-25 00:00:00,stress,2.0,,stress,,,1 days 00:00:00,,scores
2023-11-24 00:00:00,2023-11-25 00:00:00,mood,4.0,,mood,,,1 days 00:00:00,,scores
2023-11-24 00:00:00,2023-11-24 06:00:00,sleep,,,sleep,,,0 days 06:00:00,,sleep
2023-11-24 00:20:00,2023-11-24 01:20:00,party,,['social'],Party,,Going to a party with friends.,0 days 01:00:00,"['Ron', 'Tyrese', 'Mara']",scheduled
2023-11-24 05:00:00,2023-11-24 06:00:00,talking_with_mom,,"['phone call', 'social']",Talking with Mom,,Phone call with mom.,0 days 01:00:00,['Mom'],unscheduled
2023-11-24 05:30:00,2023-11-24 06:30:00,dinner,,,dinner,,,0 days 01:00:00,,meals
2023-11-24 08:00:00,2023-11-24 09:00:00,breakfast,,,breakfast,,,0 days 01:00:00,,meals
2023-11-24 10:00:00,2023-11-24 11:00:00,talking_with_girlfriend,,"['phone call', 'social']",Talking with Girlfriend,,Phone call with girlfriend.,0 days 01:00:00,['Mara'],unscheduled
2023-11-24 10:00:00,2023-11-24 11:00:00,headache,,"['discomfort', 'head', 'health']",headache,,"Mild headache on the left side of the head.
",0 days 01:00:00,,sensations
2023-11-24 12:00:00,2023-11-24 13:00:00,lunch,,,lunch,,,0 days 01:00:00,,meals
2023-11-24 18:00:00,2023-11-24 19:00:00,weightlifting,,['exercise'],Weightlifting,The K Center,Weightlifting.,0 days 01:00:00,['Tyrese'],scheduled
2023-11-25 00:00:00,2023-11-26 00:00:00,stress,6.0,,stress,,,1 days 00:00:00,,scores
2023-11-25 00:00:00,2023-11-26 00:00:00,energy,6.0,,energy,,,1 days 00:00:00,,scores
2023-11-25 00:00:00,2023-11-26 00:00:00,mood,9.0,,mood,,,1 days 00:00:00,,scores
2023-11-25 00:00:00,2023-11-25 05:00:00,sleep,,,sleep,,,0 days 05:00:00,,sleep
2023-11-25 00:19:00,2023-11-25 01:19:00,date_night,,"['social', 'relationship']",Date Night,,Going on a date night.,0 days 01:00:00,['Mara'],scheduled
2023-11-25 05:30:00,2023-11-25 06:30:00,dinner,,,dinner,,,0 days 01:00:00,,meals
2023-11-25 10:00:00,2023-11-25 11:00:00,talking_with_girlfriend,,"['phone call', 'social']",Talking with Girlfriend,,Phone call with girlfriend.,0 days 01:00:00,['Mara'],unscheduled
2023-11-25 12:00:00,2023-11-25 13:00:00,lunch,,,lunch,,,0 days 01:00:00,,meals
2023-11-25 14:00:00,2023-11-25 15:00:00,headache,,"['discomfort', 'head', 'health']",headache,,"Mild headache on the left side of the head.
",0 days 01:00:00,,sensations
2023-11-25 23:00:00,2023-11-26 00:00:00,playing_videogames,,"['relaxation', 'personal time']",playing videogames,Apartment,Helps to destress at the end of the day.,0 days 01:00:00,,unscheduled
2023-11-26 00:00:00,2023-11-26 05:00:00,sleep,,,sleep,,,0 days 05:00:00,,sleep
2023-11-26 00:00:00,2023-11-27 00:00:00,mood,5.0,,mood,,,1 days 00:00:00,,scores
2023-11-26 00:00:00,2023-11-27 00:00:00,energy,3.0,,energy,,,1 days 00:00:00,,scores
2023-11-26 00:00:00,2023-11-27 00:00:00,stress,6.0,,stress,,,1 days 00:00:00,,scores
2023-11-26 05:30:00,2023-11-26 06:30:00,dinner,,,dinner,,,0 days 01:00:00,,meals
2023-11-26 12:00:00,2023-11-26 13:00:00,lunch,,,lunch,,,0 days 01:00:00,,meals
2023-11-26 14:00:00,2023-11-26 15:00:00,headache,,"['discomfort', 'head', 'health']",headache,,"Mild headache on the left side of the head.
",0 days 01:00:00,,sensations
2023-11-26 14:00:00,2023-11-26 15:00:00,stomach_ache,,"['discomfort', 'stomach', 'health']",stomach ache,,"Mild stomach ache.
",0 days 01:00:00,,sensations
2023-11-26 23:00:00,2023-11-27 00:00:00,playing_videogames,,"['relaxation', 'personal time']",playing videogames,Apartment,Helps to destress at the end of the day.,0 days 01:00:00,,unscheduled
2023-11-27 00:00:00,2023-11-28 00:00:00,stress,7.0,,stress,,,1 days 00:00:00,,scores
2023-11-27 00:00:00,2023-11-28 00:00:00,mood,4.0,,mood,,,1 days 00:00:00,,scores
2023-11-27 00:00:00,2023-11-27 05:00:00,sleep,,,sleep,,,0 days 05:00:00,,sleep
2023-11-27 00:00:00,2023-11-28 00:00:00,energy,6.0,,energy,,,1 days 00:00:00,,scores
2023-11-27 05:00:00,2023-11-27 06:00:00,talking_with_mom,,"['phone call', 'social']",Talking with Mom,,Phone call with mom.,0 days 01:00:00,['Mom'],unscheduled
2023-11-27 05:30:00,2023-11-27 06:30:00,dinner,,,dinner,,,0 days 01:00:00,,meals
2023-11-27 12:00:00,2023-11-27 13:00:00,lunch,,,lunch,,,0 days 01:00:00,,meals
2023-11-27 14:00:00,2023-11-27 15:00:00,headache,,"['discomfort', 'head', 'health']",headache,,"Mild headache on the left side of the head.
",0 days 01:00:00,,sensations
2023-11-27 18:00:00,2023-11-27 19:00:00,basketball_practice,,"['basketball team', 'exercise']",Basketball Practice,The K Center,Practice for the Duke basketball team.,0 days 01:00:00,,scheduled
2023-11-27 18:10:00,2023-11-27 19:10:00,shoulder_pain,,"['discomfort', 'shoulder', 'arm', 'health']",shoulder pain,,"Len feels pain on the outer part of the elbow,  especially when twisting or extending his arm.
",0 days 01:00:00,,sensations
2023-11-28 00:00:00,2023-11-29 00:00:00,stress,4.0,,stress,,,1 days 00:00:00,,scores
2023-11-28 00:00:00,2023-11-29 00:00:00,energy,3.0,,energy,,,1 days 00:00:00,,scores
2023-11-28 00:00:00,2023-11-29 00:00:00,mood,7.0,,mood,,,1 days 00:00:00,,scores
2023-11-28 00:00:00,2023-11-28 05:00:00,sleep,,,sleep,,,0 days 05:00:00,,sleep
2023-11-28 00:16:00,2023-11-28 01:16:00,going_for_a_walk,,"['nature', 'exercise']",Going for a Walk,Duke Gardens,Going for a walk at Duke Gardens.,0 days 01:00:00,,unscheduled
2023-11-28 05:00:00,2023-11-28 06:00:00,talking_with_mom,,"['phone call', 'social']",Talking with Mom,,Phone call with mom.,0 days 01:00:00,['Mom'],unscheduled
2023-11-28 05:30:00,2023-11-28 06:30:00,dinner,,,dinner,,,0 days 01:00:00,,meals
2023-11-28 12:00:00,2023-11-28 13:00:00,lunch,,,lunch,,,0 days 01:00:00,,meals
2023-11-28 14:00:00,2023-11-28 15:00:00,headache,,"['discomfort', 'head', 'health']",headache,,"Mild headache on the left side of the head.
",0 days 01:00:00,,sensations
2023-11-28 14:00:00,2023-11-28 15:00:00,stomach_ache,,"['discomfort', 'stomach', 'health']",stomach ache,,"Mild stomach ache.
",0 days 01:00:00,,sensations
2023-11-28 18:00:00,2023-11-28 19:00:00,basketball_practice,,"['basketball team', 'exercise']",Basketball Practice,The K Center,Practice for the Duke basketball team.,0 days 01:00:00,,scheduled
2023-11-28 18:10:00,2023-11-28 19:10:00,shoulder_pain,,"['discomfort', 'shoulder', 'arm', 'health']",shoulder pain,,"Len feels pain on the outer part of the elbow,  especially when twisting or extending his arm.
",0 days 01:00:00,,sensations
2023-11-28 23:00:00,2023-11-29 00:00:00,reading,,"['relaxation', 'personal time']",Reading,Apartment,Helps to destress at the end of the day.,0 days 01:00:00,,unscheduled
2023-11-29 00:00:00,2023-11-29 07:00:00,sleep,,,sleep,,,0 days 07:00:00,,sleep
2023-11-29 00:00:00,2023-11-30 00:00:00,energy,6.0,,energy,,,1 days 00:00:00,,scores
2023-11-29 00:00:00,2023-11-30 00:00:00,stress,6.0,,stress,,,1 days 00:00:00,,scores
2023-11-29 00:00:00,2023-11-30 00:00:00,mood,7.0,,mood,,,1 days 00:00:00,,scores
2023-11-29 05:30:00,2023-11-29 06:30:00,dinner,,,dinner,,,0 days 01:00:00,,meals
2023-11-29 08:00:00,2023-11-29 09:00:00,breakfast,,,breakfast,,,0 days 01:00:00,,meals
2023-11-29 10:00:00,2023-11-29 11:00:00,talking_with_girlfriend,,"['phone call', 'social']",Talking with Girlfriend,,Phone call with girlfriend.,0 days 01:00:00,['Mara'],unscheduled
2023-11-29 12:00:00,2023-11-29 13:00:00,lunch,,,lunch,,,0 days 01:00:00,,meals
2023-11-29 18:00:00,2023-11-29 19:00:00,basketball_practice,,"['basketball team', 'exercise']",Basketball Practice,The K Center,Practice for the Duke basketball team.,0 days 01:00:00,,scheduled
2023-11-29 18:10:00,2023-11-29 19:10:00,shoulder_pain,,"['discomfort', 'shoulder', 'arm', 'health']",shoulder pain,,"Len feels pain on the outer part of the elbow,  especially when twisting or extending his arm.
",0 days 01:00:00,,sensations
2023-11-30 00:00:00,2023-12-01 00:00:00,stress,3.0,,stress,,,1 days 00:00:00,,scores
2023-11-30 00:00:00,2023-12-01 00:00:00,energy,6.0,,energy,,,1 days 00:00:00,,scores
2023-11-30 00:00:00,2023-12-01 00:00:00,mood,6.0,,mood,,,1 days 00:00:00,,scores
2023-11-30 00:00:00,2023-11-30 07:00:00,sleep,,,sleep,,,0 days 07:00:00,,sleep
2023-11-30 00:16:00,2023-11-30 01:16:00,going_for_a_walk,,"['nature', 'exercise']",Going for a Walk,Duke Gardens,Going for a walk at Duke Gardens.,0 days 01:00:00,,unscheduled
2023-11-30 05:00:00,2023-11-30 06:00:00,talking_with_mom,,"['phone call', 'social']",Talking with Mom,,Phone call with mom.,0 days 01:00:00,['Mom'],unscheduled
2023-11-30 05:30:00,2023-11-30 06:30:00,dinner,,,dinner,,,0 days 01:00:00,,meals
2023-11-30 08:00:00,2023-11-30 09:00:00,breakfast,,,breakfast,,,0 days 01:00:00,,meals
2023-11-30 10:00:00,2023-11-30 11:00:00,headache,,"['discomfort', 'head', 'health']",headache,,"Mild headache on the left side of the head.
",0 days 01:00:00,,sensations
2023-11-30 12:00:00,2023-11-30 13:00:00,lunch,,,lunch,,,0 days 01:00:00,,meals
2023-11-30 18:00:00,2023-11-30 19:00:00,basketball_practice,,"['basketball team', 'exercise']",Basketball Practice,The K Center,Practice for the Duke basketball team.,0 days 01:00:00,,scheduled
2023-11-30 18:10:00,2023-11-30 19:10:00,shoulder_pain,,"['discomfort', 'shoulder', 'arm', 'health']",shoulder pain,,"Len feels pain on the outer part of the elbow,  especially when twisting or extending his arm.
",0 days 01:00:00,,sensations
2023-11-30 23:00:00,2023-12-01 00:00:00,playing_videogames,,"['relaxation', 'personal time']",playing videogames,Apartment,Helps to destress at the end of the day.,0 days 01:00:00,,unscheduled
2023-12-01 00:00:00,2023-12-02 00:00:00,mood,1.0,,mood,,,1 days 00:00:00,,scores
2023-12-01 00:00:00,2023-12-02 00:00:00,energy,6.0,,energy,,,1 days 00:00:00,,scores
2023-12-01 00:00:00,2023-12-02 00:00:00,stress,6.0,,stress,,,1 days 00:00:00,,scores
2023-12-01 00:00:00,2023-12-01 05:00:00,sleep,,,sleep,,,0 days 05:00:00,,sleep
2023-12-01 00:20:00,2023-12-01 01:20:00,party,,['social'],Party,,Going to a party with friends.,0 days 01:00:00,"['Ron', 'Tyrese', 'Mara']",scheduled
2023-12-01 05:00:00,2023-12-01 06:00:00,talking_with_mom,,"['phone call', 'social']",Talking with Mom,,Phone call with mom.,0 days 01:00:00,['Mom'],unscheduled
2023-12-01 05:30:00,2023-12-01 06:30:00,dinner,,,dinner,,,0 days 01:00:00,,meals
2023-12-01 08:00:00,2023-12-01 09:00:00,breakfast,,,breakfast,,,0 days 01:00:00,,meals
2023-12-01 10:00:00,2023-12-01 11:00:00,headache,,"['discomfort', 'head', 'health']",headache,,"Mild headache on the left side of the head.
",0 days 01:00:00,,sensations
2023-12-01 10:00:00,2023-12-01 11:00:00,talking_with_girlfriend,,"['phone call', 'social']",Talking with Girlfriend,,Phone call with girlfriend.,0 days 01:00:00,['Mara'],unscheduled
2023-12-01 12:00:00,2023-12-01 13:00:00,lunch,,,lunch,,,0 days 01:00:00,,meals
2023-12-01 18:00:00,2023-12-01 19:00:00,weightlifting,,['exercise'],Weightlifting,The K Center,Weightlifting.,0 days 01:00:00,['Tyrese'],scheduled
2023-12-01 23:00:00,2023-12-02 00:00:00,playing_videogames,,"['relaxation', 'personal time']",playing videogames,Apartment,Helps to destress at the end of the day.,0 days 01:00:00,,unscheduled
2023-12-02 00:00:00,2023-12-02 07:00:00,sleep,,,sleep,,,0 days 07:00:00,,sleep
2023-12-02 00:00:00,2023-12-03 00:00:00,energy,6.0,,energy,,,1 days 00:00:00,,scores
2023-12-02 00:00:00,2023-12-03 00:00:00,stress,8.0,,stress,,,1 days 00:00:00,,scores
2023-12-02 00:00:00,2023-12-03 00:00:00,mood,7.0,,mood,,,1 days 00:00:00,,scores
2023-12-02 00:16:00,2023-12-02 01:16:00,going_for_a_walk,,"['nature', 'exercise']",Going for a Walk,Duke Gardens,Going for a walk at Duke Gardens.,0 days 01:00:00,,unscheduled
2023-12-02 05:30:00,2023-12-02 06:30:00,dinner,,,dinner,,,0 days 01:00:00,,meals
2023-12-02 12:00:00,2023-12-02 13:00:00,lunch,,,lunch,,,0 days 01:00:00,,meals
2023-12-02 14:00:00,2023-12-02 15:00:00,headache,,"['discomfort', 'head', 'health']",headache,,"Mild headache on the left side of the head.
",0 days 01:00:00,,sensations
2023-12-02 23:00:00,2023-12-03 00:00:00,reading,,"['relaxation', 'personal time']",Reading,Apartment,Helps to destress at the end of the day.,0 days 01:00:00,,unscheduled
2023-12-03 00:00:00,2023-12-04 00:00:00,stress,4.0,,stress,,,1 days 00:00:00,,scores
2023-12-03 00:00:00,2023-12-04 00:00:00,energy,6.0,,energy,,,1 days 00:00:00,,scores
2023-12-03 00:00:00,2023-12-04 00:00:00,mood,8.0,,mood,,,1 days 00:00:00,,scores
2023-12-03 00:00:00,2023-12-03 06:00:00,sleep,,,sleep,,,0 days 06:00:00,,sleep
2023-12-03 00:16:00,2023-12-03 01:16:00,going_for_a_walk,,"['nature', 'exercise']",Going for a Walk,Duke Gardens,Going for a walk at Duke Gardens.,0 days 01:00:00,,unscheduled
2023-12-03 05:00:00,2023-12-03 06:00:00,talking_with_mom,,"['phone call', 'social']",Talking with Mom,,Phone call with mom.,0 days 01:00:00,['Mom'],unscheduled
2023-12-03 05:30:00,2023-12-03 06:30:00,dinner,,,dinner,,,0 days 01:00:00,,meals
2023-12-03 08:00:00,2023-12-03 09:00:00,breakfast,,,breakfast,,,0 days 01:00:00,,meals
2023-12-03 09:00:00,2023-12-03 10:00:00,hiking,,"['nature', 'exercise']",hiking,Eno River State Park,Improves mood.,0 days 01:00:00,,unscheduled
2023-12-03 10:00:00,2023-12-03 11:00:00,headache,,"['discomfort', 'head', 'health']",headache,,"Mild headache on the left side of the head.
",0 days 01:00:00,,sensations
2023-12-03 12:00:00,2023-12-03 13:00:00,lunch,,,lunch,,,0 days 01:00:00,,meals
2023-12-04 00:00:00,2023-12-05 00:00:00,mood,4.0,,mood,,,1 days 00:00:00,,scores
2023-12-04 00:00:00,2023-12-05 00:00:00,stress,6.0,,stress,,,1 days 00:00:00,,scores
2023-12-04 00:00:00,2023-12-05 00:00:00,energy,6.0,,energy,,,1 days 00:00:00,,scores
2023-12-04 00:00:00,2023-12-04 06:00:00,sleep,,,sleep,,,0 days 06:00:00,,sleep
2023-12-04 05:00:00,2023-12-04 06:00:00,talking_with_mom,,"['phone call', 'social']",Talking with Mom,,Phone call with mom.,0 days 01:00:00,['Mom'],unscheduled
2023-12-04 05:30:00,2023-12-04 06:30:00,dinner,,,dinner,,,0 days 01:00:00,,meals
2023-12-04 12:00:00,2023-12-04 13:00:00,lunch,,,lunch,,,0 days 01:00:00,,meals
2023-12-04 14:00:00,2023-12-04 15:00:00,headache,,"['discomfort', 'head', 'health']",headache,,"Mild headache on the left side of the head.
",0 days 01:00:00,,sensations
2023-12-04 18:00:00,2023-12-04 19:00:00,basketball_practice,,"['basketball team', 'exercise']",Basketball Practice,The K Center,Practice for the Duke basketball team.,0 days 01:00:00,,scheduled
2023-12-05 00:00:00,2023-12-05 05:00:00,sleep,,,sleep,,,0 days 05:00:00,,sleep
2023-12-05 00:00:00,2023-12-06 00:00:00,mood,6.0,,mood,,,1 days 00:00:00,,scores
2023-12-05 00:00:00,2023-12-06 00:00:00,energy,6.0,,energy,,,1 days 00:00:00,,scores
2023-12-05 00:00:00,2023-12-06 00:00:00,stress,8.0,,stress,,,1 days 00:00:00,,scores
2023-12-05 00:16:00,2023-12-05 01:16:00,going_for_a_walk,,"['nature', 'exercise']",Going for a Walk,Duke Gardens,Going for a walk at Duke Gardens.,0 days 01:00:00,,unscheduled
2023-12-05 05:30:00,2023-12-05 06:30:00,dinner,,,dinner,,,0 days 01:00:00,,meals
2023-12-05 12:00:00,2023-12-05 13:00:00,lunch,,,lunch,,,0 days 01:00:00,,meals
2023-12-05 14:00:00,2023-12-05 15:00:00,headache,,"['discomfort', 'head', 'health']",headache,,"Mild headache on the left side of the head.
",0 days 01:00:00,,sensations
2023-12-05 23:00:00,2023-12-06 00:00:00,reading,,"['relaxation', 'personal time']",Reading,Apartment,Helps to destress at the end of the day.,0 days 01:00:00,,unscheduled
2023-12-06 00:00:00,2023-12-07 00:00:00,mood,6.0,,mood,,,1 days 00:00:00,,scores
2023-12-06 00:00:00,2023-12-07 00:00:00,energy,3.0,,energy,,,1 days 00:00:00,,scores
2023-12-06 00:00:00,2023-12-06 05:00:00,sleep,,,sleep,,,0 days 05:00:00,,sleep
2023-12-06 00:00:00,2023-12-07 00:00:00,stress,6.0,,stress,,,1 days 00:00:00,,scores
2023-12-06 05:30:00,2023-12-06 06:30:00,dinner,,,dinner,,,0 days 01:00:00,,meals
2023-12-06 12:00:00,2023-12-06 13:00:00,lunch,,,lunch,,,0 days 01:00:00,,meals
2023-12-06 14:00:00,2023-12-06 15:00:00,headache,,"['discomfort', 'head', 'health']",headache,,"Mild headache on the left side of the head.
",0 days 01:00:00,,sensations
2023-12-06 14:00:00,2023-12-06 15:00:00,stomach_ache,,"['discomfort', 'stomach', 'health']",stomach ache,,"Mild stomach ache.
",0 days 01:00:00,,sensations
2023-12-06 18:00:00,2023-12-06 19:00:00,weightlifting,,['exercise'],Weightlifting,The K Center,Weightlifting.,0 days 01:00:00,['Tyrese'],scheduled
2023-12-06 23:00:00,2023-12-07 00:00:00,reading,,"['relaxation', 'personal time']",Reading,Apartment,Helps to destress at the end of the day.,0 days 01:00:00,,unscheduled
2023-12-07 00:00:00,2023-12-08 00:00:00,stress,6.0,,stress,,,1 days 00:00:00,,scores
2023-12-07 00:00:00,2023-12-08 00:00:00,energy,3.0,,energy,,,1 days 00:00:00,,scores
2023-12-07 00:00:00,2023-12-07 08:00:00,sleep,,,sleep,,,0 days 08:00:00,,sleep
2023-12-07 00:00:00,2023-12-08 00:00:00,mood,7.0,,mood,,,1 days 00:00:00,,scores
2023-12-07 05:30:00,2023-12-07 06:30:00,dinner,,,dinner,,,0 days 01:00:00,,meals
2023-12-07 10:00:00,2023-12-07 11:00:00,talking_with_girlfriend,,"['phone call', 'social']",Talking with Girlfriend,,Phone call with girlfriend.,0 days 01:00:00,['Mara'],unscheduled
2023-12-07 12:00:00,2023-12-07 13:00:00,lunch,,,lunch,,,0 days 01:00:00,,meals
2023-12-07 14:00:00,2023-12-07 15:00:00,stomach_ache,,"['discomfort', 'stomach', 'health']",stomach ache,,"Mild stomach ache.
",0 days 01:00:00,,sensations
2023-12-07 14:00:00,2023-12-07 15:00:00,headache,,"['discomfort', 'head', 'health']",headache,,"Mild headache on the left side of the head.
",0 days 01:00:00,,sensations
2023-12-07 18:00:00,2023-12-07 19:00:00,basketball_practice,,"['basketball team', 'exercise']",Basketball Practice,The K Center,Practice for the Duke basketball team.,0 days 01:00:00,,scheduled
2023-12-07 18:10:00,2023-12-07 19:10:00,shoulder_pain,,"['discomfort', 'shoulder', 'arm', 'health']",shoulder pain,,"Len feels pain on the outer part of the elbow,  especially when twisting or extending his arm.
",0 days 01:00:00,,sensations
2023-12-07 23:00:00,2023-12-08 00:00:00,playing_videogames,,"['relaxation', 'personal time']",playing videogames,Apartment,Helps to destress at the end of the day.,0 days 01:00:00,,unscheduled
2023-12-08 00:00:00,2023-12-09 00:00:00,energy,6.0,,energy,,,1 days 00:00:00,,scores
2023-12-08 00:00:00,2023-12-09 00:00:00,mood,8.0,,mood,,,1 days 00:00:00,,scores
2023-12-08 00:00:00,2023-12-09 00:00:00,stress,6.0,,stress,,,1 days 00:00:00,,scores
2023-12-08 00:00:00,2023-12-08 06:00:00,sleep,,,sleep,,,0 days 06:00:00,,sleep
2023-12-08 00:19:00,2023-12-08 01:19:00,date_night,,"['social', 'relationship']",Date Night,,Going on a date night.,0 days 01:00:00,['Mara'],scheduled
2023-12-08 05:30:00,2023-12-08 06:30:00,dinner,,,dinner,,,0 days 01:00:00,,meals
2023-12-08 08:00:00,2023-12-08 09:00:00,breakfast,,,breakfast,,,0 days 01:00:00,,meals
2023-12-08 10:00:00,2023-12-08 11:00:00,talking_with_girlfriend,,"['phone call', 'social']",Talking with Girlfriend,,Phone call with girlfriend.,0 days 01:00:00,['Mara'],unscheduled
2023-12-08 10:00:00,2023-12-08 11:00:00,headache,,"['discomfort', 'head', 'health']",headache,,"Mild headache on the left side of the head.
",0 days 01:00:00,,sensations
2023-12-08 12:00:00,2023-12-08 13:00:00,lunch,,,lunch,,,0 days 01:00:00,,meals
2023-12-08 18:00:00,2023-12-08 19:00:00,weightlifting,,['exercise'],Weightlifting,The K Center,Weightlifting.,0 days 01:00:00,['Tyrese'],scheduled
2023-12-08 23:00:00,2023-12-09 00:00:00,playing_videogames,,"['relaxation', 'personal time']",playing videogames,Apartment,Helps to destress at the end of the day.,0 days 01:00:00,,unscheduled
2023-12-09 00:00:00,2023-12-10 00:00:00,stress,4.0,,stress,,,1 days 00:00:00,,scores
2023-12-09 00:00:00,2023-12-10 00:00:00,energy,6.0,,energy,,,1 days 00:00:00,,scores
2023-12-09 00:00:00,2023-12-10 00:00:00,mood,8.0,,mood,,,1 days 00:00:00,,scores
2023-12-09 00:00:00,2023-12-09 06:00:00,sleep,,,sleep,,,0 days 06:00:00,,sleep
2023-12-09 00:19:00,2023-12-09 01:19:00,date_night,,"['social', 'relationship']",Date Night,,Going on a date night.,0 days 01:00:00,['Mara'],scheduled
2023-12-09 05:00:00,2023-12-09 06:00:00,talking_with_mom,,"['phone call', 'social']",Talking with Mom,,Phone call with mom.,0 days 01:00:00,['Mom'],unscheduled
2023-12-09 05:30:00,2023-12-09 06:30:00,dinner,,,dinner,,,0 days 01:00:00,,meals
2023-12-09 08:00:00,2023-12-09 09:00:00,breakfast,,,breakfast,,,0 days 01:00:00,,meals
2023-12-09 09:00:00,2023-12-09 10:00:00,hiking,,"['nature', 'exercise']",hiking,Eno River State Park,Improves mood.,0 days 01:00:00,,unscheduled
2023-12-09 10:00:00,2023-12-09 11:00:00,headache,,"['discomfort', 'head', 'health']",headache,,"Mild headache on the left side of the head.
",0 days 01:00:00,,sensations
2023-12-09 12:00:00,2023-12-09 13:00:00,lunch,,,lunch,,,0 days 01:00:00,,meals
2023-12-09 23:00:00,2023-12-10 00:00:00,reading,,"['relaxation', 'personal time']",Reading,Apartment,Helps to destress at the end of the day.,0 days 01:00:00,,unscheduled
2023-12-10 00:00:00,2023-12-11 00:00:00,mood,9.0,,mood,,,1 days 00:00:00,,scores
2023-12-10 00:00:00,2023-12-11 00:00:00,stress,6.0,,stress,,,1 days 00:00:00,,scores
2023-12-10 00:00:00,2023-12-11 00:00:00,energy,6.0,,energy,,,1 days 00:00:00,,scores
2023-12-10 00:00:00,2023-12-10 08:00:00,sleep,,,sleep,,,0 days 08:00:00,,sleep
2023-12-10 00:19:00,2023-12-10 01:19:00,movie_night,,"['movies', 'friendship']",Movie Night,,Movie night with friends.,0 days 01:00:00,"['Ron', 'Mara']",scheduled
2023-12-10 05:30:00,2023-12-10 06:30:00,dinner,,,dinner,,,0 days 01:00:00,,meals
2023-12-10 10:00:00,2023-12-10 11:00:00,talking_with_girlfriend,,"['phone call', 'social']",Talking with Girlfriend,,Phone call with girlfriend.,0 days 01:00:00,['Mara'],unscheduled
2023-12-10 12:00:00,2023-12-10 13:00:00,lunch,,,lunch,,,0 days 01:00:00,,meals
2023-12-10 14:00:00,2023-12-10 15:00:00,headache,,"['discomfort', 'head', 'health']",headache,,"Mild headache on the left side of the head.
",0 days 01:00:00,,sensations
2023-12-10 23:00:00,2023-12-11 00:00:00,playing_videogames,,"['relaxation', 'personal time']",playing videogames,Apartment,Helps to destress at the end of the day.,0 days 01:00:00,,unscheduled
2023-12-11 00:00:00,2023-12-12 00:00:00,stress,7.0,,stress,,,1 days 00:00:00,,scores
2023-12-11 00:00:00,2023-12-12 00:00:00,energy,6.0,,energy,,,1 days 00:00:00,,scores
2023-12-11 00:00:00,2023-12-11 06:00:00,sleep,,,sleep,,,0 days 06:00:00,,sleep
2023-12-11 00:00:00,2023-12-12 00:00:00,mood,6.0,,mood,,,1 days 00:00:00,,scores
2023-12-11 00:16:00,2023-12-11 01:16:00,going_for_a_walk,,"['nature', 'exercise']",Going for a Walk,Duke Gardens,Going for a walk at Duke Gardens.,0 days 01:00:00,,unscheduled
2023-12-11 05:30:00,2023-12-11 06:30:00,dinner,,,dinner,,,0 days 01:00:00,,meals
2023-12-11 08:00:00,2023-12-11 09:00:00,breakfast,,,breakfast,,,0 days 01:00:00,,meals
2023-12-11 10:00:00,2023-12-11 11:00:00,headache,,"['discomfort', 'head', 'health']",headache,,"Mild headache on the left side of the head.
",0 days 01:00:00,,sensations
2023-12-11 12:00:00,2023-12-11 13:00:00,lunch,,,lunch,,,0 days 01:00:00,,meals
2023-12-11 18:00:00,2023-12-11 19:00:00,basketball_practice,,"['basketball team', 'exercise']",Basketball Practice,The K Center,Practice for the Duke basketball team.,0 days 01:00:00,,scheduled
2023-12-11 18:10:00,2023-12-11 19:10:00,shoulder_pain,,"['discomfort', 'shoulder', 'arm', 'health']",shoulder pain,,"Len feels pain on the outer part of the elbow,  especially when twisting or extending his arm.
",0 days 01:00:00,,sensations
2023-12-11 23:00:00,2023-12-12 00:00:00,playing_videogames,,"['relaxation', 'personal time']",playing videogames,Apartment,Helps to destress at the end of the day.,0 days 01:00:00,,unscheduled
2023-12-12 00:00:00,2023-12-13 00:00:00,mood,6.0,,mood,,,1 days 00:00:00,,scores
2023-12-12 00:00:00,2023-12-13 00:00:00,stress,3.0,,stress,,,1 days 00:00:00,,scores
2023-12-12 00:00:00,2023-12-13 00:00:00,energy,4.0,,energy,,,1 days 00:00:00,,scores
2023-12-12 00:00:00,2023-12-12 08:00:00,sleep,,,sleep,,,0 days 08:00:00,,sleep
2023-12-12 00:16:00,2023-12-12 01:16:00,going_for_a_walk,,"['nature', 'exercise']",Going for a Walk,Duke Gardens,Going for a walk at Duke Gardens.,0 days 01:00:00,,unscheduled
2023-12-12 05:00:00,2023-12-12 06:00:00,talking_with_mom,,"['phone call', 'social']",Talking with Mom,,Phone call with mom.,0 days 01:00:00,['Mom'],unscheduled
2023-12-12 05:30:00,2023-12-12 06:30:00,dinner,,,dinner,,,0 days 01:00:00,,meals
2023-12-12 08:00:00,2023-12-12 09:00:00,breakfast,,,breakfast,,,0 days 01:00:00,,meals
2023-12-12 10:00:00,2023-12-12 11:00:00,headache,,"['discomfort', 'head', 'health']",headache,,"Mild headache on the left side of the head.
",0 days 01:00:00,,sensations
2023-12-12 10:00:00,2023-12-12 11:00:00,talking_with_girlfriend,,"['phone call', 'social']",Talking with Girlfriend,,Phone call with girlfriend.,0 days 01:00:00,['Mara'],unscheduled
2023-12-12 12:00:00,2023-12-12 13:00:00,lunch,,,lunch,,,0 days 01:00:00,,meals
2023-12-12 14:00:00,2023-12-12 15:00:00,stomach_ache,,"['discomfort', 'stomach', 'health']",stomach ache,,"Mild stomach ache.
",0 days 01:00:00,,sensations
2023-12-12 18:00:00,2023-12-12 19:00:00,basketball_practice,,"['basketball team', 'exercise']",Basketball Practice,The K Center,Practice for the Duke basketball team.,0 days 01:00:00,,scheduled
2023-12-12 18:10:00,2023-12-12 19:10:00,shoulder_pain,,"['discomfort', 'shoulder', 'arm', 'health']",shoulder pain,,"Len feels pain on the outer part of the elbow,  especially when twisting or extending his arm.
",0 days 01:00:00,,sensations
2023-12-12 23:00:00,2023-12-13 00:00:00,reading,,"['relaxation', 'personal time']",Reading,Apartment,Helps to destress at the end of the day.,0 days 01:00:00,,unscheduled
2023-12-13 00:00:00,2023-12-14 00:00:00,energy,4.0,,energy,,,1 days 00:00:00,,scores
2023-12-13 00:00:00,2023-12-14 00:00:00,stress,9.0,,stress,,,1 days 00:00:00,,scores
2023-12-13 00:00:00,2023-12-14 00:00:00,mood,7.0,,mood,,,1 days 00:00:00,,scores
2023-12-13 00:00:00,2023-12-13 06:00:00,sleep,,,sleep,,,0 days 06:00:00,,sleep
2023-12-13 00:16:00,2023-12-13 01:16:00,going_for_a_walk,,"['nature', 'exercise']",Going for a Walk,Duke Gardens,Going for a walk at Duke Gardens.,0 days 01:00:00,,unscheduled
2023-12-13 05:00:00,2023-12-13 06:00:00,talking_with_mom,,"['phone call', 'social']",Talking with Mom,,Phone call with mom.,0 days 01:00:00,['Mom'],unscheduled
2023-12-13 05:30:00,2023-12-13 06:30:00,dinner,,,dinner,,,0 days 01:00:00,,meals
2023-12-13 08:00:00,2023-12-13 09:00:00,breakfast,,,breakfast,,,0 days 01:00:00,,meals
2023-12-13 10:00:00,2023-12-13 11:00:00,talking_with_girlfriend,,"['phone call', 'social']",Talking with Girlfriend,,Phone call with girlfriend.,0 days 01:00:00,['Mara'],unscheduled
2023-12-13 10:00:00,2023-12-13 11:00:00,headache,,"['discomfort', 'head', 'health']",headache,,"Mild headache on the left side of the head.
",0 days 01:00:00,,sensations
2023-12-13 12:00:00,2023-12-13 13:00:00,lunch,,,lunch,,,0 days 01:00:00,,meals
2023-12-13 14:00:00,2023-12-13 15:00:00,stomach_ache,,"['discomfort', 'stomach', 'health']",stomach ache,,"Mild stomach ache.
",0 days 01:00:00,,sensations
2023-12-13 18:00:00,2023-12-13 19:00:00,basketball_practice,,"['basketball team', 'exercise']",Basketball Practice,The K Center,Practice for the Duke basketball team.,0 days 01:00:00,,scheduled
2023-12-13 18:10:00,2023-12-13 19:10:00,shoulder_pain,,"['discomfort', 'shoulder', 'arm', 'health']",shoulder pain,,"Len feels pain on the outer part of the elbow,  especially when twisting or extending his arm.
",0 days 01:00:00,,sensations
2023-12-13 23:00:00,2023-12-14 00:00:00,playing_videogames,,"['relaxation', 'personal time']",playing videogames,Apartment,Helps to destress at the end of the day.,0 days 01:00:00,,unscheduled
2023-12-14 00:00:00,2023-12-15 00:00:00,stress,2.0,,stress,,,1 days 00:00:00,,scores
2023-12-14 00:00:00,2023-12-15 00:00:00,energy,6.0,,energy,,,1 days 00:00:00,,scores
2023-12-14 00:00:00,2023-12-15 00:00:00,mood,6.0,,mood,,,1 days 00:00:00,,scores
2023-12-14 00:00:00,2023-12-14 07:00:00,sleep,,,sleep,,,0 days 07:00:00,,sleep
2023-12-14 05:00:00,2023-12-14 06:00:00,talking_with_mom,,"['phone call', 'social']",Talking with Mom,,Phone call with mom.,0 days 01:00:00,['Mom'],unscheduled
2023-12-14 05:30:00,2023-12-14 06:30:00,dinner,,,dinner,,,0 days 01:00:00,,meals
2023-12-14 12:00:00,2023-12-14 13:00:00,lunch,,,lunch,,,0 days 01:00:00,,meals
2023-12-14 14:00:00,2023-12-14 15:00:00,headache,,"['discomfort', 'head', 'health']",headache,,"Mild headache on the left side of the head.
",0 days 01:00:00,,sensations
2023-12-14 18:00:00,2023-12-14 19:00:00,basketball_practice,,"['basketball team', 'exercise']",Basketball Practice,The K Center,Practice for the Duke basketball team.,0 days 01:00:00,,scheduled
2023-12-14 18:10:00,2023-12-14 19:10:00,shoulder_pain,,"['discomfort', 'shoulder', 'arm', 'health']",shoulder pain,,"Len feels pain on the outer part of the elbow,  especially when twisting or extending his arm.
",0 days 01:00:00,,sensations
2023-12-14 23:00:00,2023-12-15 00:00:00,reading,,"['relaxation', 'personal time']",Reading,Apartment,Helps to destress at the end of the day.,0 days 01:00:00,,unscheduled
2023-12-15 00:00:00,2023-12-16 00:00:00,stress,6.0,,stress,,,1 days 00:00:00,,scores
2023-12-15 00:00:00,2023-12-15 07:00:00,sleep,,,sleep,,,0 days 07:00:00,,sleep
2023-12-15 00:00:00,2023-12-16 00:00:00,mood,0.0,,mood,,,1 days 00:00:00,,scores
2023-12-15 00:00:00,2023-12-16 00:00:00,energy,4.0,,energy,,,1 days 00:00:00,,scores
2023-12-15 00:20:00,2023-12-15 01:20:00,party,,['social'],Party,,Going to a party with friends.,0 days 01:00:00,"['Ron', 'Tyrese', 'Mara']",scheduled
2023-12-15 05:30:00,2023-12-15 06:30:00,dinner,,,dinner,,,0 days 01:00:00,,meals
2023-12-15 12:00:00,2023-12-15 13:00:00,lunch,,,lunch,,,0 days 01:00:00,,meals
2023-12-15 14:00:00,2023-12-15 15:00:00,headache,,"['discomfort', 'head', 'health']",headache,,"Mild headache on the left side of the head.
",0 days 01:00:00,,sensations
2023-12-15 14:00:00,2023-12-15 15:00:00,stomach_ache,,"['discomfort', 'stomach', 'health']",stomach ache,,"Mild stomach ache.
",0 days 01:00:00,,sensations
2023-12-15 18:00:00,2023-12-15 19:00:00,weightlifting,,['exercise'],Weightlifting,The K Center,Weightlifting.,0 days 01:00:00,['Tyrese'],scheduled
2023-12-16 00:00:00,2023-12-16 07:00:00,sleep,,,sleep,,,0 days 07:00:00,,sleep
2023-12-16 00:00:00,2023-12-17 00:00:00,mood,4.0,,mood,,,1 days 00:00:00,,scores
2023-12-16 00:00:00,2023-12-17 00:00:00,energy,6.0,,energy,,,1 days 00:00:00,,scores
2023-12-16 00:00:00,2023-12-17 00:00:00,stress,6.0,,stress,,,1 days 00:00:00,,scores
2023-12-16 05:30:00,2023-12-16 06:30:00,dinner,,,dinner,,,0 days 01:00:00,,meals
2023-12-16 08:00:00,2023-12-16 09:00:00,breakfast,,,breakfast,,,0 days 01:00:00,,meals
2023-12-16 10:00:00,2023-12-16 11:00:00,headache,,"['discomfort', 'head', 'health']",headache,,"Mild headache on the left side of the head.
",0 days 01:00:00,,sensations
2023-12-16 12:00:00,2023-12-16 13:00:00,lunch,,,lunch,,,0 days 01:00:00,,meals
2023-12-17 00:00:00,2023-12-18 00:00:00,energy,6.0,,energy,,,1 days 00:00:00,,scores
2023-12-17 00:00:00,2023-12-18 00:00:00,stress,6.0,,stress,,,1 days 00:00:00,,scores
2023-12-17 00:00:00,2023-12-17 05:00:00,sleep,,,sleep,,,0 days 05:00:00,,sleep
2023-12-17 00:00:00,2023-12-18 00:00:00,mood,3.0,,mood,,,1 days 00:00:00,,scores
2023-12-17 00:19:00,2023-12-17 01:19:00,movie_night,,"['movies', 'friendship']",Movie Night,,Movie night with friends.,0 days 01:00:00,"['Ron', 'Mara']",scheduled
2023-12-17 05:30:00,2023-12-17 06:30:00,dinner,,,dinner,,,0 days 01:00:00,,meals
2023-12-17 12:00:00,2023-12-17 13:00:00,lunch,,,lunch,,,0 days 01:00:00,,meals
2023-12-17 14:00:00,2023-12-17 15:00:00,headache,,"['discomfort', 'head', 'health']",headache,,"Mild headache on the left side of the head.
",0 days 01:00:00,,sensations
2023-12-18 00:00:00,2023-12-18 06:00:00,sleep,,,sleep,,,0 days 06:00:00,,sleep
2023-12-18 00:00:00,2023-12-19 00:00:00,mood,6.0,,mood,,,1 days 00:00:00,,scores
2023-12-18 00:00:00,2023-12-19 00:00:00,energy,6.0,,energy,,,1 days 00:00:00,,scores
2023-12-18 00:00:00,2023-12-19 00:00:00,stress,2.0,,stress,,,1 days 00:00:00,,scores
2023-12-18 05:00:00,2023-12-18 06:00:00,talking_with_mom,,"['phone call', 'social']",Talking with Mom,,Phone call with mom.,0 days 01:00:00,['Mom'],unscheduled
2023-12-18 05:30:00,2023-12-18 06:30:00,dinner,,,dinner,,,0 days 01:00:00,,meals
2023-12-18 12:00:00,2023-12-18 13:00:00,lunch,,,lunch,,,0 days 01:00:00,,meals
2023-12-18 14:00:00,2023-12-18 15:00:00,headache,,"['discomfort', 'head', 'health']",headache,,"Mild headache on the left side of the head.
",0 days 01:00:00,,sensations
2023-12-18 18:00:00,2023-12-18 19:00:00,basketball_practice,,"['basketball team', 'exercise']",Basketball Practice,The K Center,Practice for the Duke basketball team.,0 days 01:00:00,,scheduled
2023-12-18 18:10:00,2023-12-18 19:10:00,shoulder_pain,,"['discomfort', 'shoulder', 'arm', 'health']",shoulder pain,,"Len feels pain on the outer part of the elbow,  especially when twisting or extending his arm.
",0 days 01:00:00,,sensations
2023-12-18 23:00:00,2023-12-19 00:00:00,playing_videogames,,"['relaxation', 'personal time']",playing videogames,Apartment,Helps to destress at the end of the day.,0 days 01:00:00,,unscheduled
2023-12-19 00:00:00,2023-12-20 00:00:00,stress,6.0,,stress,,,1 days 00:00:00,,scores
2023-12-19 00:00:00,2023-12-20 00:00:00,mood,5.0,,mood,,,1 days 00:00:00,,scores
2023-12-19 00:00:00,2023-12-19 05:00:00,sleep,,,sleep,,,0 days 05:00:00,,sleep
2023-12-19 00:00:00,2023-12-20 00:00:00,energy,6.0,,energy,,,1 days 00:00:00,,scores
2023-12-19 05:30:00,2023-12-19 06:30:00,dinner,,,dinner,,,0 days 01:00:00,,meals
2023-12-19 12:00:00,2023-12-19 13:00:00,lunch,,,lunch,,,0 days 01:00:00,,meals
2023-12-19 14:00:00,2023-12-19 15:00:00,headache,,"['discomfort', 'head', 'health']",headache,,"Mild headache on the left side of the head.
",0 days 01:00:00,,sensations
2023-12-19 18:00:00,2023-12-19 19:00:00,basketball_practice,,"['basketball team', 'exercise']",Basketball Practice,The K Center,Practice for the Duke basketball team.,0 days 01:00:00,,scheduled
2023-12-19 18:10:00,2023-12-19 19:10:00,shoulder_pain,,"['discomfort', 'shoulder', 'arm', 'health']",shoulder pain,,"Len feels pain on the outer part of the elbow,  especially when twisting or extending his arm.
",0 days 01:00:00,,sensations
2023-12-20 00:00:00,2023-12-21 00:00:00,stress,8.0,,stress,,,1 days 00:00:00,,scores
2023-12-20 00:00:00,2023-12-21 00:00:00,energy,6.0,,energy,,,1 days 00:00:00,,scores
2023-12-20 00:00:00,2023-12-21 00:00:00,mood,8.0,,mood,,,1 days 00:00:00,,scores
2023-12-20 00:00:00,2023-12-20 06:00:00,sleep,,,sleep,,,0 days 06:00:00,,sleep
2023-12-20 00:16:00,2023-12-20 01:16:00,going_for_a_walk,,"['nature', 'exercise']",Going for a Walk,Duke Gardens,Going for a walk at Duke Gardens.,0 days 01:00:00,,unscheduled
2023-12-20 05:30:00,2023-12-20 06:30:00,dinner,,,dinner,,,0 days 01:00:00,,meals
2023-12-20 08:00:00,2023-12-20 09:00:00,breakfast,,,breakfast,,,0 days 01:00:00,,meals
2023-12-20 10:00:00,2023-12-20 11:00:00,talking_with_girlfriend,,"['phone call', 'social']",Talking with Girlfriend,,Phone call with girlfriend.,0 days 01:00:00,['Mara'],unscheduled
2023-12-20 10:00:00,2023-12-20 11:00:00,headache,,"['discomfort', 'head', 'health']",headache,,"Mild headache on the left side of the head.
",0 days 01:00:00,,sensations
2023-12-20 12:00:00,2023-12-20 13:00:00,lunch,,,lunch,,,0 days 01:00:00,,meals
2023-12-20 18:00:00,2023-12-20 19:00:00,basketball_practice,,"['basketball team', 'exercise']",Basketball Practice,The K Center,Practice for the Duke basketball team.,0 days 01:00:00,,scheduled
2023-12-20 18:10:00,2023-12-20 19:10:00,shoulder_pain,,"['discomfort', 'shoulder', 'arm', 'health']",shoulder pain,,"Len feels pain on the outer part of the elbow,  especially when twisting or extending his arm.
",0 days 01:00:00,,sensations
2023-12-20 23:00:00,2023-12-21 00:00:00,reading,,"['relaxation', 'personal time']",Reading,Apartment,Helps to destress at the end of the day.,0 days 01:00:00,,unscheduled
2023-12-21 00:00:00,2023-12-22 00:00:00,stress,8.0,,stress,,,1 days 00:00:00,,scores
2023-12-21 00:00:00,2023-12-22 00:00:00,energy,4.0,,energy,,,1 days 00:00:00,,scores
2023-12-21 00:00:00,2023-12-22 00:00:00,mood,9.0,,mood,,,1 days 00:00:00,,scores
2023-12-21 00:00:00,2023-12-21 08:00:00,sleep,,,sleep,,,0 days 08:00:00,,sleep
2023-12-21 00:16:00,2023-12-21 01:16:00,going_for_a_walk,,"['nature', 'exercise']",Going for a Walk,Duke Gardens,Going for a walk at Duke Gardens.,0 days 01:00:00,,unscheduled
2023-12-21 05:30:00,2023-12-21 06:30:00,dinner,,,dinner,,,0 days 01:00:00,,meals
2023-12-21 08:00:00,2023-12-21 09:00:00,breakfast,,,breakfast,,,0 days 01:00:00,,meals
2023-12-21 10:00:00,2023-12-21 11:00:00,talking_with_girlfriend,,"['phone call', 'social']",Talking with Girlfriend,,Phone call with girlfriend.,0 days 01:00:00,['Mara'],unscheduled
2023-12-21 10:00:00,2023-12-21 11:00:00,headache,,"['discomfort', 'head', 'health']",headache,,"Mild headache on the left side of the head.
",0 days 01:00:00,,sensations
2023-12-21 12:00:00,2023-12-21 13:00:00,lunch,,,lunch,,,0 days 01:00:00,,meals
2023-12-21 14:00:00,2023-12-21 15:00:00,stomach_ache,,"['discomfort', 'stomach', 'health']",stomach ache,,"Mild stomach ache.
",0 days 01:00:00,,sensations
2023-12-21 18:00:00,2023-12-21 19:00:00,basketball_practice,,"['basketball team', 'exercise']",Basketball Practice,The K Center,Practice for the Duke basketball team.,0 days 01:00:00,,scheduled
2023-12-21 18:10:00,2023-12-21 19:10:00,shoulder_pain,,"['discomfort', 'shoulder', 'arm', 'health']",shoulder pain,,"Len feels pain on the outer part of the elbow,  especially when twisting or extending his arm.
",0 days 01:00:00,,sensations
2023-12-21 23:00:00,2023-12-22 00:00:00,playing_videogames,,"['relaxation', 'personal time']",playing videogames,Apartment,Helps to destress at the end of the day.,0 days 01:00:00,,unscheduled
2023-12-22 00:00:00,2023-12-23 00:00:00,energy,4.0,,energy,,,1 days 00:00:00,,scores
2023-12-22 00:00:00,2023-12-23 00:00:00,mood,2.0,,mood,,,1 days 00:00:00,,scores
2023-12-22 00:00:00,2023-12-22 07:00:00,sleep,,,sleep,,,0 days 07:00:00,,sleep
2023-12-22 00:00:00,2023-12-23 00:00:00,stress,2.0,,stress,,,1 days 00:00:00,,scores
2023-12-22 00:20:00,2023-12-22 01:20:00,party,,['social'],Party,,Going to a party with friends.,0 days 01:00:00,"['Ron', 'Tyrese', 'Mara']",scheduled
2023-12-22 05:00:00,2023-12-22 06:00:00,talking_with_mom,,"['phone call', 'social']",Talking with Mom,,Phone call with mom.,0 days 01:00:00,['Mom'],unscheduled
2023-12-22 05:30:00,2023-12-22 06:30:00,dinner,,,dinner,,,0 days 01:00:00,,meals
2023-12-22 12:00:00,2023-12-22 13:00:00,lunch,,,lunch,,,0 days 01:00:00,,meals
2023-12-22 14:00:00,2023-12-22 15:00:00,headache,,"['discomfort', 'head', 'health']",headache,,"Mild headache on the left side of the head.
",0 days 01:00:00,,sensations
2023-12-22 14:00:00,2023-12-22 15:00:00,stomach_ache,,"['discomfort', 'stomach', 'health']",stomach ache,,"Mild stomach ache.
",0 days 01:00:00,,sensations
2023-12-22 18:00:00,2023-12-22 19:00:00,weightlifting,,['exercise'],Weightlifting,The K Center,Weightlifting.,0 days 01:00:00,['Tyrese'],scheduled
2023-12-22 23:00:00,2023-12-23 00:00:00,reading,,"['relaxation', 'personal time']",Reading,Apartment,Helps to destress at the end of the day.,0 days 01:00:00,,unscheduled
2023-12-23 00:00:00,2023-12-24 00:00:00,stress,2.0,,stress,,,1 days 00:00:00,,scores
2023-12-23 00:00:00,2023-12-24 00:00:00,energy,4.0,,energy,,,1 days 00:00:00,,scores
2023-12-23 00:00:00,2023-12-24 00:00:00,mood,8.0,,mood,,,1 days 00:00:00,,scores
2023-12-23 00:00:00,2023-12-23 07:00:00,sleep,,,sleep,,,0 days 07:00:00,,sleep
2023-12-23 05:00:00,2023-12-23 06:00:00,talking_with_mom,,"['phone call', 'social']",Talking with Mom,,Phone call with mom.,0 days 01:00:00,['Mom'],unscheduled
2023-12-23 05:30:00,2023-12-23 06:30:00,dinner,,,dinner,,,0 days 01:00:00,,meals
2023-12-23 08:00:00,2023-12-23 09:00:00,breakfast,,,breakfast,,,0 days 01:00:00,,meals
2023-12-23 10:00:00,2023-12-23 11:00:00,talking_with_girlfriend,,"['phone call', 'social']",Talking with Girlfriend,,Phone call with girlfriend.,0 days 01:00:00,['Mara'],unscheduled
2023-12-23 12:00:00,2023-12-23 13:00:00,lunch,,,lunch,,,0 days 01:00:00,,meals
2023-12-23 14:00:00,2023-12-23 15:00:00,stomach_ache,,"['discomfort', 'stomach', 'health']",stomach ache,,"Mild stomach ache.
",0 days 01:00:00,,sensations
2023-12-23 23:00:00,2023-12-24 00:00:00,reading,,"['relaxation', 'personal time']",Reading,Apartment,Helps to destress at the end of the day.,0 days 01:00:00,,unscheduled
2023-12-24 00:00:00,2023-12-25 00:00:00,stress,8.0,,stress,,,1 days 00:00:00,,scores
2023-12-24 00:00:00,2023-12-25 00:00:00,energy,6.0,,energy,,,1 days 00:00:00,,scores
2023-12-24 00:00:00,2023-12-24 06:00:00,sleep,,,sleep,,,0 days 06:00:00,,sleep
2023-12-24 00:00:00,2023-12-25 00:00:00,mood,7.0,,mood,,,1 days 00:00:00,,scores
2023-12-24 00:19:00,2023-12-24 01:19:00,date_night,,"['social', 'relationship']",Date Night,,Going on a date night.,0 days 01:00:00,['Mara'],scheduled
2023-12-24 05:30:00,2023-12-24 06:30:00,dinner,,,dinner,,,0 days 01:00:00,,meals
2023-12-24 08:00:00,2023-12-24 09:00:00,breakfast,,,breakfast,,,0 days 01:00:00,,meals
2023-12-24 09:00:00,2023-12-24 10:00:00,hiking,,"['nature', 'exercise']",hiking,Eno River State Park,Improves mood.,0 days 01:00:00,,unscheduled
2023-12-24 10:00:00,2023-12-24 11:00:00,headache,,"['discomfort', 'head', 'health']",headache,,"Mild headache on the left side of the head.
",0 days 01:00:00,,sensations
2023-12-24 12:00:00,2023-12-24 13:00:00,lunch,,,lunch,,,0 days 01:00:00,,meals
2023-12-25 00:00:00,2023-12-25 05:00:00,sleep,,,sleep,,,0 days 05:00:00,,sleep
2023-12-25 00:00:00,2023-12-26 00:00:00,mood,6.0,,mood,,,1 days 00:00:00,,scores
2023-12-25 00:00:00,2023-12-26 00:00:00,energy,6.0,,energy,,,1 days 00:00:00,,scores
2023-12-25 00:00:00,2023-12-26 00:00:00,stress,8.0,,stress,,,1 days 00:00:00,,scores
2023-12-25 00:16:00,2023-12-25 01:16:00,going_for_a_walk,,"['nature', 'exercise']",Going for a Walk,Duke Gardens,Going for a walk at Duke Gardens.,0 days 01:00:00,,unscheduled
2023-12-25 05:30:00,2023-12-25 06:30:00,dinner,,,dinner,,,0 days 01:00:00,,meals
2023-12-25 12:00:00,2023-12-25 13:00:00,lunch,,,lunch,,,0 days 01:00:00,,meals
2023-12-25 14:00:00,2023-12-25 15:00:00,headache,,"['discomfort', 'head', 'health']",headache,,"Mild headache on the left side of the head.
",0 days 01:00:00,,sensations
2023-12-25 18:00:00,2023-12-25 19:00:00,basketball_practice,,"['basketball team', 'exercise']",Basketball Practice,The K Center,Practice for the Duke basketball team.,0 days 01:00:00,,scheduled
2023-12-25 18:10:00,2023-12-25 19:10:00,shoulder_pain,,"['discomfort', 'shoulder', 'arm', 'health']",shoulder pain,,"Len feels pain on the outer part of the elbow,  especially when twisting or extending his arm.
",0 days 01:00:00,,sensations
2023-12-26 00:00:00,2023-12-27 00:00:00,mood,9.0,,mood,,,1 days 00:00:00,,scores
2023-12-26 00:00:00,2023-12-27 00:00:00,stress,4.0,,stress,,,1 days 00:00:00,,scores
2023-12-26 00:00:00,2023-12-27 00:00:00,energy,6.0,,energy,,,1 days 00:00:00,,scores
2023-12-26 00:00:00,2023-12-26 08:00:00,sleep,,,sleep,,,0 days 08:00:00,,sleep
2023-12-26 00:16:00,2023-12-26 01:16:00,going_for_a_walk,,"['nature', 'exercise']",Going for a Walk,Duke Gardens,Going for a walk at Duke Gardens.,0 days 01:00:00,,unscheduled
2023-12-26 05:00:00,2023-12-26 06:00:00,talking_with_mom,,"['phone call', 'social']",Talking with Mom,,Phone call with mom.,0 days 01:00:00,['Mom'],unscheduled
2023-12-26 05:30:00,2023-12-26 06:30:00,dinner,,,dinner,,,0 days 01:00:00,,meals
2023-12-26 10:00:00,2023-12-26 11:00:00,talking_with_girlfriend,,"['phone call', 'social']",Talking with Girlfriend,,Phone call with girlfriend.,0 days 01:00:00,['Mara'],unscheduled
2023-12-26 12:00:00,2023-12-26 13:00:00,lunch,,,lunch,,,0 days 01:00:00,,meals
2023-12-26 18:00:00,2023-12-26 19:00:00,basketball_practice,,"['basketball team', 'exercise']",Basketball Practice,The K Center,Practice for the Duke basketball team.,0 days 01:00:00,,scheduled
2023-12-26 18:10:00,2023-12-26 19:10:00,shoulder_pain,,"['discomfort', 'shoulder', 'arm', 'health']",shoulder pain,,"Len feels pain on the outer part of the elbow,  especially when twisting or extending his arm.
",0 days 01:00:00,,sensations
2023-12-26 23:00:00,2023-12-27 00:00:00,playing_videogames,,"['relaxation', 'personal time']",playing videogames,Apartment,Helps to destress at the end of the day.,0 days 01:00:00,,unscheduled
2023-12-27 00:00:00,2023-12-28 00:00:00,mood,6.0,,mood,,,1 days 00:00:00,,scores
2023-12-27 00:00:00,2023-12-28 00:00:00,stress,6.0,,stress,,,1 days 00:00:00,,scores
2023-12-27 00:00:00,2023-12-27 05:00:00,sleep,,,sleep,,,0 days 05:00:00,,sleep
2023-12-27 00:00:00,2023-12-28 00:00:00,energy,6.0,,energy,,,1 days 00:00:00,,scores
2023-12-27 05:00:00,2023-12-27 06:00:00,talking_with_mom,,"['phone call', 'social']",Talking with Mom,,Phone call with mom.,0 days 01:00:00,['Mom'],unscheduled
2023-12-27 05:30:00,2023-12-27 06:30:00,dinner,,,dinner,,,0 days 01:00:00,,meals
2023-12-27 12:00:00,2023-12-27 13:00:00,lunch,,,lunch,,,0 days 01:00:00,,meals
2023-12-27 14:00:00,2023-12-27 15:00:00,headache,,"['discomfort', 'head', 'health']",headache,,"Mild headache on the left side of the head.
",0 days 01:00:00,,sensations
2023-12-27 18:00:00,2023-12-27 19:00:00,basketball_practice,,"['basketball team', 'exercise']",Basketball Practice,The K Center,Practice for the Duke basketball team.,0 days 01:00:00,,scheduled
2023-12-27 18:10:00,2023-12-27 19:10:00,shoulder_pain,,"['discomfort', 'shoulder', 'arm', 'health']",shoulder pain,,"Len feels pain on the outer part of the elbow,  especially when twisting or extending his arm.
",0 days 01:00:00,,sensations
2023-12-27 23:00:00,2023-12-28 00:00:00,reading,,"['relaxation', 'personal time']",Reading,Apartment,Helps to destress at the end of the day.,0 days 01:00:00,,unscheduled
2023-12-28 00:00:00,2023-12-29 00:00:00,stress,6.0,,stress,,,1 days 00:00:00,,scores
2023-12-28 00:00:00,2023-12-29 00:00:00,energy,6.0,,energy,,,1 days 00:00:00,,scores
2023-12-28 00:00:00,2023-12-28 06:00:00,sleep,,,sleep,,,0 days 06:00:00,,sleep
2023-12-28 00:00:00,2023-12-29 00:00:00,mood,4.0,,mood,,,1 days 00:00:00,,scores
2023-12-28 05:00:00,2023-12-28 06:00:00,talking_with_mom,,"['phone call', 'social']",Talking with Mom,,Phone call with mom.,0 days 01:00:00,['Mom'],unscheduled
2023-12-28 05:30:00,2023-12-28 06:30:00,dinner,,,dinner,,,0 days 01:00:00,,meals
2023-12-28 08:00:00,2023-12-28 09:00:00,breakfast,,,breakfast,,,0 days 01:00:00,,meals
2023-12-28 10:00:00,2023-12-28 11:00:00,headache,,"['discomfort', 'head', 'health']",headache,,"Mild headache on the left side of the head.
",0 days 01:00:00,,sensations
2023-12-28 12:00:00,2023-12-28 13:00:00,lunch,,,lunch,,,0 days 01:00:00,,meals
2023-12-28 18:00:00,2023-12-28 19:00:00,basketball_practice,,"['basketball team', 'exercise']",Basketball Practice,The K Center,Practice for the Duke basketball team.,0 days 01:00:00,,scheduled
2023-12-29 00:00:00,2023-12-30 00:00:00,energy,3.0,,energy,,,1 days 00:00:00,,scores
2023-12-29 00:00:00,2023-12-30 00:00:00,stress,6.0,,stress,,,1 days 00:00:00,,scores
2023-12-29 00:00:00,2023-12-29 07:00:00,sleep,,,sleep,,,0 days 07:00:00,,sleep
2023-12-29 00:00:00,2023-12-30 00:00:00,mood,4.0,,mood,,,1 days 00:00:00,,scores
2023-12-29 00:20:00,2023-12-29 01:20:00,party,,['social'],Party,,Going to a party with friends.,0 days 01:00:00,"['Ron', 'Tyrese', 'Mara']",scheduled
2023-12-29 05:30:00,2023-12-29 06:30:00,dinner,,,dinner,,,0 days 01:00:00,,meals
2023-12-29 08:00:00,2023-12-29 09:00:00,breakfast,,,breakfast,,,0 days 01:00:00,,meals
2023-12-29 10:00:00,2023-12-29 11:00:00,headache,,"['discomfort', 'head', 'health']",headache,,"Mild headache on the left side of the head.
",0 days 01:00:00,,sensations
2023-12-29 12:00:00,2023-12-29 13:00:00,lunch,,,lunch,,,0 days 01:00:00,,meals
2023-12-29 14:00:00,2023-12-29 15:00:00,stomach_ache,,"['discomfort', 'stomach', 'health']",stomach ache,,"Mild stomach ache.
",0 days 01:00:00,,sensations
2023-12-29 18:00:00,2023-12-29 19:00:00,weightlifting,,['exercise'],Weightlifting,The K Center,Weightlifting.,0 days 01:00:00,['Tyrese'],scheduled
2023-12-29 23:00:00,2023-12-30 00:00:00,reading,,"['relaxation', 'personal time']",Reading,Apartment,Helps to destress at the end of the day.,0 days 01:00:00,,unscheduled
2023-12-30 00:00:00,2023-12-31 00:00:00,energy,6.0,,energy,,,1 days 00:00:00,,scores
2023-12-30 00:00:00,2023-12-30 07:00:00,sleep,,,sleep,,,0 days 07:00:00,,sleep
2023-12-30 00:00:00,2023-12-31 00:00:00,mood,6.0,,mood,,,1 days 00:00:00,,scores
2023-12-30 00:00:00,2023-12-31 00:00:00,stress,6.0,,stress,,,1 days 00:00:00,,scores
2023-12-30 05:30:00,2023-12-30 06:30:00,dinner,,,dinner,,,0 days 01:00:00,,meals
2023-12-30 12:00:00,2023-12-30 13:00:00,lunch,,,lunch,,,0 days 01:00:00,,meals
2023-12-30 14:00:00,2023-12-30 15:00:00,headache,,"['discomfort', 'head', 'health']",headache,,"Mild headache on the left side of the head.
",0 days 01:00:00,,sensations
2023-12-30 23:00:00,2023-12-31 00:00:00,reading,,"['relaxation', 'personal time']",Reading,Apartment,Helps to destress at the end of the day.,0 days 01:00:00,,unscheduled
2023-12-31 00:00:00,2024-01-01 00:00:00,mood,7.0,,mood,,,1 days 00:00:00,,scores
2023-12-31 00:00:00,2023-12-31 08:00:00,sleep,,,sleep,,,0 days 08:00:00,,sleep
2023-12-31 00:00:00,2024-01-01 00:00:00,energy,4.0,,energy,,,1 days 00:00:00,,scores
2023-12-31 00:00:00,2024-01-01 00:00:00,stress,6.0,,stress,,,1 days 00:00:00,,scores
2023-12-31 00:19:00,2023-12-31 01:19:00,date_night,,"['social', 'relationship']",Date Night,,Going on a date night.,0 days 01:00:00,['Mara'],scheduled
2023-12-31 05:30:00,2023-12-31 06:30:00,dinner,,,dinner,,,0 days 01:00:00,,meals
2023-12-31 08:00:00,2023-12-31 09:00:00,breakfast,,,breakfast,,,0 days 01:00:00,,meals
2023-12-31 10:00:00,2023-12-31 11:00:00,headache,,"['discomfort', 'head', 'health']",headache,,"Mild headache on the left side of the head.
",0 days 01:00:00,,sensations
2023-12-31 10:00:00,2023-12-31 11:00:00,talking_with_girlfriend,,"['phone call', 'social']",Talking with Girlfriend,,Phone call with girlfriend.,0 days 01:00:00,['Mara'],unscheduled
2023-12-31 12:00:00,2023-12-31 13:00:00,lunch,,,lunch,,,0 days 01:00:00,,meals
2023-12-31 14:00:00,2023-12-31 15:00:00,stomach_ache,,"['discomfort', 'stomach', 'health']",stomach ache,,"Mild stomach ache.
",0 days 01:00:00,,sensations
2023-12-31 23:00:00,2024-01-01 00:00:00,reading,,"['relaxation', 'personal time']",Reading,Apartment,Helps to destress at the end of the day.,0 days 01:00:00,,unscheduled
